City,Day,Hour,Temperature,Wind,RealFeel,ChanceOfRain,UVIndex,Visibility,Pressure,Humidity,Sunrise,Sunset
Brest,Monday,0,5.052411795065596,18.7480163229521,3.115010978917991,65.0,0.39571063723142075,4.134559508628869,1013.4108617502833,54,08:55,17:24
Brest,Monday,1,4.868687024611155,17.11510853656586,3.0129315977828623,87.0,0.276999858413021,2.861609194281794,1008.1881931280836,83,08:55,17:24
Brest,Monday,2,4.009787613178608,15.63007581297083,2.228283822530066,98.0,0.7168474538779959,3.5483608883851288,1011.9980247565038,80,08:55,17:24
Brest,Monday,3,5.119284526755336,13.119548590021932,3.4633070972542392,89.0,0.9867160921612427,4.104889338854644,1010.980085565856,69,08:55,17:24
Brest,Monday,4,3.7145408368433293,17.136332621179342,1.8577242057843621,79.0,0.9988496802340909,4.0276480817940135,1011.1023738311153,51,08:55,17:24
Brest,Monday,5,4.741626436684861,14.128679683477682,3.0351924525109766,82.0,0.7382515386924355,2.5797200529406936,1014.2241611870514,67,08:55,17:24
Brest,Monday,6,5.584370577996909,19.79113946329857,3.5948136048319803,88.0,0.697211364230433,3.035844889080235,1009.7924364484934,82,08:55,17:24
Brest,Monday,7,4.696508074781547,11.924031059276068,3.1003065218177435,96.0,0.7211929400242041,4.057087414305321,1016.0780467762797,74,08:55,17:24
Brest,Monday,8,5.304763944955594,13.286122385148246,3.640457825698182,89.0,0.026492582983924873,3.060970212280989,1012.4791184652436,81,08:55,17:24
Brest,Monday,9,5.137383917103783,20.88908491791367,3.0929296712080996,100.0,0.2178865396645414,4.914597812085342,1013.3258003402439,60,08:55,17:24
Brest,Monday,10,5.306913948080933,17.433042919039668,3.435261802128949,72.0,0.822633680407755,3.0790566650294657,1011.4148253545254,65,08:55,17:24
Brest,Monday,11,7.666170479241596,20.172180460443997,5.657561456219396,71.0,0.12406329256290405,2.962322183361227,1009.4643613152944,65,08:55,17:24
Brest,Monday,12,9.488922962798673,17.00917866411731,7.638464029592808,75.0,0.08093544758789151,4.914902810670878,1014.7018563841893,57,08:55,17:24
Brest,Monday,13,7.243423028581022,20.172162745285966,5.234814891316724,58.0,0.30402048174305574,3.9572674590368604,1009.1105656440594,56,08:55,17:24
Brest,Monday,14,8.415310918317374,24.369558769356026,6.196832979849573,57.0,0.875280068722341,3.8468289023350266,1009.8944846794988,52,08:55,17:24
Brest,Monday,15,9.453311007701293,19.209430179887523,7.492839498706917,67.0,0.4646291318526333,4.284218944154724,1005.77940617726,50,08:55,17:24
Brest,Monday,16,9.541344984508246,24.732246994561503,7.304732634780171,67.0,0.7391064792212693,6.80874876408837,1003.788719598675,69,08:55,17:24
Brest,Monday,17,9.040921016755874,24.796126162060876,6.801114708652831,41.0,0.6013251262018469,5.3246381030517895,1011.0538974580006,84,08:55,17:24
Brest,Monday,18,9.493170472048488,21.429994273122205,7.421670758392378,52.0,0.3598019768473675,5.683816582335708,1010.4951721489791,63,08:55,17:24
Brest,Monday,19,4.04594671777423,25.72746025925629,1.7595737048114155,53.0,0.07228439530422148,6.698334219314964,1003.4544985309957,84,08:55,17:24
Brest,Monday,20,4.708164879742267,24.15844643594334,2.5002425579450995,68.0,0.2041659032232992,3.9667191688773142,1009.4841347243095,80,08:55,17:24
Brest,Monday,21,4.808533387666803,24.900331590465946,2.563516808143506,58.0,0.43308644973973853,5.227367654359012,1011.2386546692824,82,08:55,17:24
Brest,Monday,22,4.87271831276667,18.363144188785522,2.954561103327394,69.0,0.13017554635445405,5.5108720342942625,1006.7128272824757,74,08:55,17:24
Brest,Monday,23,4.606741924334361,22.23500531780874,2.4949916584439236,58.0,0.16743571250186295,5.478299888712874,1004.6878083052968,71,08:55,17:24
Brest,Tuesday,0,4.6162541839976345,19.547023760163633,2.638902995989453,82.0,0.9192335824617979,3.826670544606928,1011.6595304886185,84,08:55,17:24
Brest,Tuesday,1,4.368409978425236,23.38702644481891,2.19905865618429,95.0,0.16692903817823346,2.9188747926841057,1010.7916627219046,62,08:55,17:24
Brest,Tuesday,2,4.419389600287203,14.10785799952901,2.7139967003107524,73.0,0.6798796707387894,3.102786667844768,1015.6081141764525,71,08:55,17:24
Brest,Tuesday,3,5.331187985509335,17.769763163106877,3.4426998273539917,82.0,0.6500592102714576,2.383586010308075,1010.344810332035,52,08:55,17:24
Brest,Tuesday,4,4.839496774126341,16.227313294315508,3.028131109410566,100.0,0.2942333678301715,4.141354355769836,1010.7507936264914,55,08:55,17:24
Brest,Tuesday,5,4.752093048962857,14.649966841937662,3.0195947068659743,100.0,0.5528903158705328,4.02722630506024,1009.4134833200586,64,08:55,17:24
Brest,Tuesday,6,5.136366670186973,12.18703217186465,3.527015061593741,98.0,0.21657343476490043,4.8181277358672165,1010.2569292381454,56,08:55,17:24
Brest,Tuesday,7,4.830742778375453,18.900117323832692,2.8857369121838183,95.0,0.8978673225322048,3.5781526495606992,1010.5238090654998,65,08:55,17:24
Brest,Tuesday,8,4.967114482431124,12.095873179583851,3.3623208234519315,100.0,0.05084152600172731,5.104921792471651,1015.6997483209644,57,08:55,17:24
Brest,Tuesday,9,3.789597669799174,20.403734213496566,1.7694109591243457,75.0,0.49282671962488467,2.3369264700618255,1013.9217068086231,67,08:55,17:24
Brest,Tuesday,10,5.243244953455274,19.037431489366895,3.291373378986929,70.0,0.5979157499887677,3.587531473234847,1015.0619434754603,80,08:55,17:24
Brest,Tuesday,11,8.187946094746701,15.670881058748323,6.404402041809285,81.0,0.802967095042116,4.798611184922634,1009.910462834231,54,08:55,17:24
Brest,Tuesday,12,8.998294715428276,21.589056711492272,6.918841879853662,65.0,0.8407873975444645,5.993393587259774,1011.3902718519239,68,08:55,17:24
Brest,Tuesday,13,7.830128770645381,18.542585055049607,5.9029995178929004,69.0,0.09940165064795614,6.054827682131428,1009.7446476307014,72,08:55,17:24
Brest,Tuesday,14,6.9895990026075125,27.001505611468993,4.639523722034063,69.0,0.1786581032444723,4.157887693015783,1010.6216226684705,52,08:55,17:24
Brest,Tuesday,15,8.833271293620792,27.213758085358954,6.4725833893528435,66.0,0.8693556776552442,4.615477512369337,1010.2926105917979,84,08:55,17:24
Brest,Tuesday,16,9.012495416136327,26.713674347506824,6.676811698760986,48.0,0.41668292627132286,6.229232330999417,1006.554010536824,69,08:55,17:24
Brest,Tuesday,17,7.4250013803554635,21.128613596329618,5.368570700538982,58.0,0.4387517866528159,4.717373501100799,1009.9203100614898,79,08:55,17:24
Brest,Tuesday,18,6.718368527917345,21.612304772636445,4.6377532892855236,67.0,0.19158487203569807,5.726228855895028,1011.1632949835815,53,08:55,17:24
Brest,Tuesday,19,4.457543829885735,21.35448842532572,2.3898194086194486,60.0,0.8713434908680603,5.897153009354676,1009.7933331821226,68,08:55,17:24
Brest,Tuesday,20,3.692080791185246,21.18569902561171,1.6327958399046605,43.0,0.435237546612935,5.323464152863434,1011.7834936197538,72,08:55,17:24
Brest,Tuesday,21,4.259295675879684,27.81943970797267,1.86832369048105,74.0,0.45146422878433445,5.151547663580093,1013.1999509949244,59,08:55,17:24
Brest,Tuesday,22,3.68793478757038,21.52273456252745,1.6117980594440073,52.0,0.7035151830570984,5.405921817944833,1009.3480374012058,57,08:55,17:24
Brest,Tuesday,23,4.777993615172202,21.194420287367745,2.7182726008038145,68.0,0.46515421286790093,3.441341412320549,1009.780871297858,55,08:55,17:24
Brest,Wednesday,0,3.7014322583208945,17.815019060863683,1.8106813052777104,88.0,0.8876142639388555,5.479474880351441,1009.6675573177621,64,08:55,17:24
Brest,Wednesday,1,5.45837871336518,16.371666845303853,3.6397953710999875,74.0,0.8017189686793568,4.224035664882231,1012.8603628702859,64,08:55,17:24
Brest,Wednesday,2,4.110471541086161,14.525292426044345,2.384206919783944,85.0,0.2201940903471472,5.388362318131634,1013.6081863945933,65,08:55,17:24
Brest,Wednesday,3,4.874515498101103,12.991269631444865,3.22495201652886,88.0,0.6524176381803304,4.268123298358201,1016.2986947257133,66,08:55,17:24
Brest,Wednesday,4,4.740347025794774,17.96059117278009,2.8423174671557696,80.0,0.251890263776139,2.4316618648909234,1012.1649377228982,80,08:55,17:24
Brest,Wednesday,5,4.793230016791011,16.473947220808483,2.9695326557505863,87.0,0.7604272705322417,5.031155191232163,1014.8292826210092,78,08:55,17:24
Brest,Wednesday,6,4.435041433467053,10.967004598826296,2.8866912035257384,90.0,0.962934800580899,2.3896354641134137,1007.3933625656903,57,08:55,17:24
Brest,Wednesday,7,4.921198835636049,14.59965279528588,3.1912161958717546,95.0,0.9231081323048447,2.052320144011761,1008.8587437166623,67,08:55,17:24
Brest,Wednesday,8,4.961625154210284,16.770755177071422,3.123087395356713,89.0,0.4371674100284524,3.9333087111687255,1015.3267613750331,81,08:55,17:24
Brest,Wednesday,9,5.193631036398245,11.792164886721412,3.6040227920621746,100.0,0.2361220427833064,2.3131716090884367,1015.6073011990119,59,08:55,17:24
Brest,Wednesday,10,5.2831007910595975,22.028364108779524,3.1816825856206212,72.0,0.31080528224515347,4.679469788162242,1014.604391454834,84,08:55,17:24
Brest,Wednesday,11,9.634169882200307,21.420461528824973,7.563146805759059,67.0,0.40035223702501777,4.03285071992307,1006.3989509622634,57,08:55,17:24
Brest,Wednesday,12,9.408913482829155,22.763310085316448,7.270747978563332,90.0,0.0011755226364533744,4.397253821084369,1014.0515699221327,51,08:55,17:24
Brest,Wednesday,13,6.8991482340566925,17.911940195599573,5.0035512242767135,70.0,0.8905679831635942,4.841478760231107,1010.3857536800907,71,08:55,17:24
Brest,Wednesday,14,8.367737693199535,19.097115552252923,6.412881915586889,60.0,0.3173572642049104,4.059109692470042,1011.6373388208933,50,08:55,17:24
Brest,Wednesday,15,8.092108594516779,23.071201215876542,5.938548533722951,74.0,0.4349792677139742,5.105202337564471,1012.6332108215577,72,08:55,17:24
Brest,Wednesday,16,7.039600800602938,19.550049298642897,5.062098335670793,69.0,0.5781525030213945,6.096926799222077,1008.0182637415982,79,08:55,17:24
Brest,Wednesday,17,9.100370759585266,21.1150810569853,7.044616706736001,44.0,0.532044872674527,5.0927254525330925,1003.3719027977817,83,08:55,17:24
Brest,Wednesday,18,7.046832433500217,21.36505437117906,4.978579714941264,42.0,0.9309820291265163,4.5748545678735635,1005.4468641357902,66,08:55,17:24
Brest,Wednesday,19,4.905430576294136,21.497148860069217,2.830573133290675,51.0,0.7796668325738725,5.681129277791965,1012.3394139626695,70,08:55,17:24
Brest,Wednesday,20,3.74811341268519,26.980563622260796,1.3990852315721503,59.0,0.9407787015983173,6.337988373734075,1009.5921666612329,80,08:55,17:24
Brest,Wednesday,21,4.827226235633759,26.808653548581418,2.4867935582046883,63.0,0.671381484781302,6.318022799117438,1006.6850807283555,83,08:55,17:24
Brest,Wednesday,22,4.821793694868982,19.34194212239975,2.854696588748995,71.0,0.9338668270008252,5.100931410360737,1004.0937713843116,56,08:55,17:24
Brest,Wednesday,23,5.112702285032243,22.458220089933757,2.989791280535555,72.0,0.16957505189250943,4.705556866150498,1007.5008450260979,59,08:55,17:24
Brest,Thursday,0,3.712630121822781,19.73222406856813,1.7260189183943746,84.0,0.8651588410770431,3.2487389820522043,1007.3894751182696,82,08:55,17:24
Brest,Thursday,1,4.899488670881547,20.0338828532125,2.8977945282209214,70.0,0.6479107117936552,3.6289532467422476,1013.7046722381688,80,08:55,17:24
Brest,Thursday,2,4.4961227619968,17.118926815115437,2.6401764212410277,81.0,0.15014814237386032,4.093517965858128,1008.7103618556893,84,08:55,17:24
Brest,Thursday,3,4.7568379383892765,20.408782688395384,2.7363988039695073,99.0,0.6914465291034108,3.092195500631663,1009.2698396279902,80,08:55,17:24
Brest,Thursday,4,4.208477309631605,19.693000155038114,2.2238273018796995,98.0,0.9791956822271864,4.971861171470093,1012.946244801399,62,08:55,17:24
Brest,Thursday,5,5.5049822309513186,10.804030829467585,3.9647806894779394,100.0,0.3914610925328399,2.7142318054031933,1011.0687969073597,70,08:55,17:24
Brest,Thursday,6,4.840620605750338,11.50321378342856,3.2654599165789104,89.0,0.7062864541534943,2.857261844328935,1013.4528111953132,59,08:55,17:24
Brest,Thursday,7,5.095118571912175,14.450101392010176,3.372613502311666,99.0,0.925199868431209,2.5731797856627523,1013.2767231155417,51,08:55,17:24
Brest,Thursday,8,3.695938783649005,15.381913857677855,1.9268430907651124,87.0,0.6736116445908935,2.414974991278296,1012.0522336199554,81,08:55,17:24
Brest,Thursday,9,5.26388749744506,11.930675946046499,3.6673537001427348,92.0,0.8853633146841581,4.424911026899097,1011.3992412487057,64,08:55,17:24
Brest,Thursday,10,5.501186095158053,18.527357753894957,3.574818207463305,92.0,0.6278736564005084,4.986850490571406,1006.3787430874448,56,08:55,17:24
Brest,Thursday,11,8.96905639849441,18.01349198982146,7.068381799003336,68.0,0.5142418839944001,4.536751366314392,1007.2054223834243,52,08:55,17:24
Brest,Thursday,12,7.138397224379739,15.764471882655167,5.350173630246981,71.0,0.9808524105300739,4.274267411461484,1010.3982833460565,75,08:55,17:24
Brest,Thursday,13,9.234649486321993,20.057475025683033,7.231775735037842,72.0,0.6691628014525947,5.910240438473124,1011.621582748296,53,08:55,17:24
Brest,Thursday,14,7.168458755372707,18.850754437736487,5.225921033485882,73.0,0.2796888775956142,5.068297920045128,1012.0867215134898,84,08:55,17:24
Brest,Thursday,15,8.110602433043766,21.588762153871148,6.031164325350209,48.0,0.4561040996902789,4.6971807535979995,1009.3682302137823,63,08:55,17:24
Brest,Thursday,16,8.03205381563766,28.276199879364313,5.618243821669444,63.0,0.574912769621107,6.488647412645517,1010.8879906410707,67,08:55,17:24
Brest,Thursday,17,8.887048030565133,24.898327752016865,6.642131642964289,47.0,0.2227066398179699,5.432589032616984,1004.6589186992886,80,08:55,17:24
Brest,Thursday,18,9.245341592922827,25.938003434615638,6.9484414211920456,43.0,0.7206332832961535,5.447170162002983,1011.1981652599937,67,08:55,17:24
Brest,Thursday,19,4.982703478925803,26.9250340328041,2.6364517772855978,68.0,0.2872328817199683,6.392377211366186,1008.6654019146893,72,08:55,17:24
Brest,Thursday,20,4.225273474708859,24.313946439305745,2.009576152743572,68.0,0.8035560774485798,4.5799265391929325,1011.9169548307916,70,08:55,17:24
Brest,Thursday,21,4.099902516512041,21.32727591477839,2.0335387207731217,55.0,0.5217759701244702,4.070173712342511,1012.7072961681754,59,08:55,17:24
Brest,Thursday,22,4.50459749019795,25.088325145539727,2.250181232920964,68.0,0.43287062535560517,5.445729442332183,1011.3405054593039,50,08:55,17:24
Brest,Thursday,23,4.159084110184231,20.53662766004143,2.132252727182159,57.0,0.5256613490871365,6.199371620218021,1008.8510412049776,77,08:55,17:24
Brest,Friday,0,4.209842829924016,15.216011220411117,2.44904226890346,65.0,0.658398901944694,5.840153291923941,1014.1690411978333,61,08:55,17:24
Brest,Friday,1,3.9561056113181694,23.198644445359303,1.7961733890502043,74.0,0.8233441238506615,3.3212617381347926,1014.1926140481631,73,08:55,17:24
Brest,Friday,2,5.296517815302024,19.50912671407911,3.321061479598068,93.0,0.8150281118051106,2.6797330090146305,1014.125909306845,54,08:55,17:24
Brest,Friday,3,5.016647191159647,20.45195356630115,2.9940495128445894,89.0,0.1933292058789543,2.574569701345643,1007.2163066444504,72,08:55,17:24
Brest,Friday,4,4.433549320761323,19.78892585070691,2.4441030282259772,81.0,0.24190587746294234,3.792529304313347,1013.0007370970951,61,08:55,17:24
Brest,Friday,5,3.9004349168758825,18.889957484076373,1.955937042672064,88.0,0.17582672573405156,4.411573685328983,1012.8388503577888,61,08:55,17:24
Brest,Friday,6,4.8928858191666045,16.394084541118765,3.073181592110666,81.0,0.6555868394807215,4.298376933214518,1015.5985057729624,53,08:55,17:24
Brest,Friday,7,5.107772275759134,19.63956538643694,3.1257940064372876,83.0,0.2450334183211963,2.948633555829669,1007.5077904793887,76,08:55,17:24
Brest,Friday,8,5.122531935434001,13.980246084711201,3.423519631198441,100.0,0.14963941659983948,4.607325830701245,1011.753902668339,79,08:55,17:24
Brest,Friday,9,4.3637743510597105,13.91712338743211,2.667918181688105,90.0,0.08359132333998909,2.697179759977485,1011.3073198633325,81,08:55,17:24
Brest,Friday,10,4.121380587063671,21.039683318527096,2.069396421137316,87.0,0.2425615440740021,5.118748178526413,1015.6909419037838,53,08:55,17:24
Brest,Friday,11,8.070186592416134,20.053158188995646,6.067528682966351,95.0,0.5734396133177654,3.1865076161150414,1013.9209301862472,77,08:55,17:24
Brest,Friday,12,7.197555625909383,20.981457079117035,5.148482771953532,80.0,0.9161335698251274,5.264856921685441,1006.0536787201438,77,08:55,17:24
Brest,Friday,13,8.365725466281468,20.812706887069673,6.3250901219279845,77.0,0.06862388115159757,3.7426725093225794,1013.8779107560564,51,08:55,17:24
Brest,Friday,14,9.383818603875433,17.677303329307954,7.499953437410035,76.0,0.04819666972941239,4.281425985521811,1011.660461579711,83,08:55,17:24
Brest,Friday,15,8.93939299257891,22.206140135189667,6.829085985819426,46.0,0.40271654336542184,5.6223457472393275,1007.4894218660962,78,08:55,17:24
Brest,Friday,16,9.556891853904018,26.339799136986016,7.239901897054717,71.0,0.7305330696225957,5.893604891052973,1007.696289347549,81,08:55,17:24
Brest,Friday,17,9.370914179075106,24.67510070756269,7.137159143696971,49.0,0.49885984756063784,6.1867282345060035,1008.7765577966686,55,08:55,17:24
Brest,Friday,18,6.8329366881926425,21.10386734051443,4.777743321166922,41.0,0.33557536376816754,5.789928058360297,1006.5319261248349,69,08:55,17:24
Brest,Friday,19,4.944954766530323,26.292627843419375,2.630323374359354,54.0,0.7441659227641263,4.019934056226892,1005.9853259761946,69,08:55,17:24
Brest,Friday,20,5.140841755319805,23.429812703202217,2.9693511201596943,73.0,0.15555841167365358,5.156169934026134,1005.3472589801996,84,08:55,17:24
Brest,Friday,21,5.472341286403552,25.929397554247572,3.1758714086911732,55.0,0.19963329185409107,6.357589585735315,1007.0535602320905,68,08:55,17:24
Brest,Friday,22,5.1415296726330535,24.259299095521992,2.928564717856954,79.0,0.7604591033423902,5.571489690428601,1013.5992102317432,57,08:55,17:24
Brest,Friday,23,4.655948860274195,21.026277718083783,2.6046349743700064,85.0,0.6157963207748972,6.227636217554851,1006.2606687197069,75,08:55,17:24
Brest,Saturday,0,5.078176021366921,16.504405379408492,3.2529557523964963,40.0,0.3065432700131909,5.494987981647224,1014.299218557471,55,08:55,17:24
Brest,Saturday,1,3.9355513089381127,19.806099700707463,1.9452463239027395,45.0,0.19131472975024755,4.635477455472421,1012.7550226234767,59,08:55,17:24
Brest,Saturday,2,4.01916951985125,20.130498531362804,2.0126445932831096,76.0,0.8309587194714462,4.676379548393228,1009.3069388030538,73,08:55,17:24
Brest,Saturday,3,5.656226212649563,12.136015812821306,4.049425422008498,53.0,0.3729155183880086,4.752592842372055,1013.4557854155855,84,08:55,17:24
Brest,Saturday,4,5.239585308142361,14.71217090342981,3.503976762970871,61.0,0.2505875601331926,3.422244769588252,1008.6115656227995,55,08:55,17:24
Brest,Saturday,5,5.603388602781445,16.328730073617916,3.7869520991005494,64.0,0.0132781500361977,3.482614628958094,1010.8543895506481,62,08:55,17:24
Brest,Saturday,6,5.012925341837857,17.01933760890462,3.1619584613926257,84.0,0.4416884343363361,3.833527881853982,1014.107890812416,82,08:55,17:24
Brest,Saturday,7,3.8541755874732813,12.249482792482546,2.241701447849154,57.0,0.4042786389781794,2.9153362585777294,1016.156378363014,50,08:55,17:24
Brest,Saturday,8,4.733064536456196,12.564019013222325,3.1048635857950795,61.0,0.9690421350218458,3.0071265067179627,1012.4368835739976,77,08:55,17:24
Brest,Saturday,9,4.111371618798432,19.367491616605637,2.14299703796815,58.0,0.8406192915691829,4.256279285117508,1006.5642997913128,79,08:55,17:24
Brest,Saturday,10,4.474643466479512,22.001795265094493,2.3745537032247874,47.0,0.5516608358766808,4.460094246512712,1007.1745681895526,72,08:55,17:24
Brest,Saturday,11,6.964775157599773,18.151279436545053,5.05721118577252,66.0,0.8918770948581913,4.521392546866575,1007.7552741139848,70,08:55,17:24
Brest,Saturday,12,9.270037223108204,24.516063911323307,7.044234027542039,45.0,0.6391890545793476,4.1238477571973355,1007.9704671628245,54,08:55,17:24
Brest,Saturday,13,6.776121793563943,19.489880100907424,4.801627788518572,54.0,0.4783089552129298,3.729135305791447,1010.5740569515013,81,08:55,17:24
Brest,Saturday,14,7.347769394070105,24.411286888584236,5.127205049640893,41.0,0.6622020943149353,3.6265244553800287,1004.4045898436921,65,08:55,17:24
Brest,Saturday,15,7.433157366391638,27.839655103520997,5.041174611215588,36.0,0.42047720920745724,5.945846591173728,1009.7587218772713,69,08:55,17:24
Brest,Saturday,16,8.158692857684906,20.274792795087368,6.144953217930539,42.0,0.1683696419475138,4.695962956407237,1009.2813373738875,77,08:55,17:24
Brest,Saturday,17,8.395269299081297,29.469796842827044,5.921779456939945,50.0,0.21150078130585825,4.9168259754634125,1012.4867326759012,70,08:55,17:24
Brest,Saturday,18,7.419141137524002,24.10814878178772,5.213733698434616,45.0,0.09251837602963597,5.355972268970449,1006.8211645468184,58,08:55,17:24
Brest,Saturday,19,5.337631861410168,25.697158220590822,3.052773950380627,27.0,0.011458805674863015,6.3174911994546195,1005.477820386941,54,08:55,17:24
Brest,Saturday,20,4.4492514210841065,21.30287995271457,2.384107423448378,48.0,0.5947924267028668,6.101832116788585,1010.0844287105813,58,08:55,17:24
Brest,Saturday,21,3.783553519097073,26.42142319813607,1.4624823591902694,45.0,0.9228070962883917,4.532584921785872,1010.2660294699615,71,08:55,17:24
Brest,Saturday,22,3.849571569089643,26.48083998455054,1.525529569862116,58.0,0.23177304662042342,4.408908208870361,1012.9117867111709,70,08:55,17:24
Brest,Saturday,23,4.871117960346098,25.677607049670204,2.5872376078625874,41.0,0.8402849788693721,5.201462382779999,1012.7618378302477,50,08:55,17:24
Brest,Sunday,0,4.172526885643823,20.810678061440914,2.131992982571777,60.0,0.6884297162631846,5.716024776297159,1008.4787117615127,69,08:55,17:24
Brest,Sunday,1,3.762349920274976,23.25016781910655,1.5998415293196486,66.0,0.8215549439312818,5.44414302430783,1006.6239371218543,77,08:55,17:24
Brest,Sunday,2,4.5063266701992095,16.59280555672692,2.6766863923628637,66.0,0.38836630597235533,5.319540170747116,1006.1714294001183,65,08:55,17:24
Brest,Sunday,3,5.00995159494046,16.332821835640345,3.1933105031584423,65.0,0.13962941280247132,3.7270044359653407,1008.2676284270937,65,08:55,17:24
Brest,Sunday,4,5.557696730866099,20.07633226184032,3.5538801177740833,80.0,0.24732407147465618,5.027580637541526,1007.479108073199,66,08:55,17:24
Brest,Sunday,5,5.037892308927846,19.359916658341152,3.0698964760107885,82.0,0.19983235595170734,3.2596067914096705,1011.2040351123625,68,08:55,17:24
Brest,Sunday,6,5.109945630860809,15.691737425429313,3.325358759589343,75.0,0.44143442110121567,3.2355225186417265,1016.3656520248866,52,08:55,17:24
Brest,Sunday,7,5.079194339533845,19.933063903354093,3.0825411443661404,81.0,0.9250837154496925,3.8915676378073623,1008.1867587466297,76,08:55,17:24
Brest,Sunday,8,4.521950102213426,15.753631362151356,2.734268534105858,73.0,0.8651325369867309,2.774609492977884,1009.2294549700742,60,08:55,17:24
Brest,Sunday,9,4.560369410174926,11.815053948686812,2.969616712740585,72.0,0.7787713650701096,2.9027074123248275,1013.1428961667029,59,08:55,17:24
Brest,Sunday,10,4.604806495541823,14.20424369545821,2.894594310768912,57.0,0.5416583363198917,3.912654456527852,1013.1083858392606,51,08:55,17:24
Brest,Sunday,11,8.694196072330062,22.15942168870405,6.586224987894859,49.0,0.4495352873686955,5.597351821580308,1013.3505434541802,74,08:55,17:24
Brest,Sunday,12,7.6807319388084085,22.485259292559967,5.55646897418041,61.0,0.15464591179681675,5.903615617427462,1014.0493476815635,57,08:55,17:24
Brest,Sunday,13,6.672512201869599,21.187904272765774,4.61311698823131,42.0,0.9677275971245826,5.930410636955761,1005.4285058187994,65,08:55,17:24
Brest,Sunday,14,7.004847882689534,22.438690263871976,4.882913369495935,60.0,0.7380278570310507,6.01377863615593,1007.0806261367352,81,08:55,17:24
Brest,Sunday,15,8.515960442526335,20.021035897763454,6.514908647638163,55.0,0.9731810906358782,5.866278168292258,1009.3775501007449,68,08:55,17:24
Brest,Sunday,16,9.553053411927207,22.040820245688003,7.451012399642807,58.0,0.9774965842491121,5.175564064437679,1005.9786951235743,58,08:55,17:24
Brest,Sunday,17,8.86236301156717,21.09748792282954,6.807488615425694,41.0,0.7682952543842768,4.64016368276547,1009.719975331435,68,08:55,17:24
Brest,Sunday,18,7.8591785037696615,25.830613294046927,5.567647839067315,26.0,0.007269011235722211,4.238152392027619,1011.207418532595,84,08:55,17:24
Brest,Sunday,19,4.288328527445688,28.925008159252585,1.8420781194830587,33.0,0.8085558636034695,4.7137477500210405,1004.8592233337849,84,08:55,17:24
Brest,Sunday,20,4.5033378395466865,21.890226909422054,2.408826494075584,54.0,0.5269781022453269,3.8925666000750425,1004.7471910178394,75,08:55,17:24
Brest,Sunday,21,5.49998584257375,24.890437083213943,3.255463988413053,47.0,0.8384451898632405,5.974572758827562,1004.2047228943198,64,08:55,17:24
Brest,Sunday,22,4.130818480887347,18.693954565728745,2.19612075260091,34.0,0.21905397075602207,3.637085973059779,1006.4407526155735,65,08:55,17:24
Brest,Sunday,23,4.516986301597727,20.214563967073932,2.506258103244031,63.0,0.10824851342999464,3.98513566864462,1009.3544086792887,62,08:55,17:24
Paris,Monday,0,9.962042958826016,9.439475498921794,9.147393775528624,49.0,2.895710384728419,10.218784282698506,1014.095932005625,41,08:29,17:54
Paris,Monday,1,9.932438497286661,7.683664773381268,9.176316338173953,40.0,1.1759145795487094,6.8908390049648,1013.0477550171051,65,08:29,17:54
Paris,Monday,2,9.718427385774405,10.517002643806347,8.867860630980859,45.0,1.2536217398075369,10.515538446536466,1016.2455510284257,54,08:29,17:54
Paris,Monday,3,8.58317872011633,8.596812643368411,7.796618298670715,64.0,2.608365605618506,10.553816982804552,1015.0106322723424,46,08:29,17:54
Paris,Monday,4,8.51349825920363,17.10700234704369,7.443264847635507,55.0,2.7411156240541197,11.937339259156895,1018.3619587578218,57,08:29,17:54
Paris,Monday,5,8.782176781033176,9.509389964035332,7.965197115565331,48.0,2.613019945357638,8.286592560734602,1018.694897272888,61,08:29,17:54
Paris,Monday,6,9.360460258340154,9.40353520535211,8.547009084828417,56.0,2.1850389901925933,8.331622175235859,1015.9787911004246,69,08:29,17:54
Paris,Monday,7,8.733137386647794,13.387372656008743,7.786891631447502,57.0,1.1180749935318077,7.111134827605612,1021.060313501885,66,08:29,17:54
Paris,Monday,8,7.237101230030948,13.239610357601467,6.295780884777566,67.0,1.8260285535123193,9.963768922104483,1019.233471637001,73,08:29,17:54
Paris,Monday,9,9.6475261514385,11.62264136863092,8.760104772484135,48.0,2.1077595377291525,8.811817566444867,1016.9543906908136,43,08:29,17:54
Paris,Monday,10,9.950695091555069,14.965751275778247,8.951836715695794,40.0,1.0145167828142552,11.21176947816473,1017.4490894185658,47,08:29,17:54
Paris,Monday,11,14.885816386087122,12.148121038611585,13.980879018133402,42.0,2.3981277821241074,6.531239292772265,1011.7833254487139,68,08:29,17:54
Paris,Monday,12,18.00713341981678,12.29059560305824,17.097446899714836,34.0,1.6124631112357477,6.113062632824865,1014.2603442409616,51,08:29,17:54
Paris,Monday,13,15.454044238263098,12.578746376862204,14.534752692367691,30.0,1.355745023115828,7.052668602243229,1012.7580003296023,67,08:29,17:54
Paris,Monday,14,14.27824047588995,8.596580866122064,13.491687780352548,31.0,1.7756184807987787,6.5628078233705045,1016.154471484163,61,08:29,17:54
Paris,Monday,15,13.232364054576822,11.666560207392028,12.343478714330422,44.0,1.4637885313751398,6.1529161941938835,1015.9192946619789,61,08:29,17:54
Paris,Monday,16,16.0239745503073,4.163619259865854,15.385187241645106,41.0,2.9460793593107533,7.273959591893603,1011.5183998171971,68,08:29,17:54
Paris,Monday,17,16.206507232103526,7.455472326820374,15.45799148787618,32.0,1.5512902731144211,7.202881661093682,1010.2440866267026,55,08:29,17:54
Paris,Monday,18,13.447012003540575,6.8085010281865905,12.720061969267688,38.0,1.7553322478216684,7.969612968684153,1013.1535539553907,73,08:29,17:54
Paris,Monday,19,11.772149427028602,6.8268877602508855,11.044586501686906,35.0,2.3684850680318768,7.020315985180319,1012.9676756605568,46,08:29,17:54
Paris,Monday,20,11.890581652819966,4.6572690406624675,11.235339351464551,30.0,2.46200559272707,6.916076639294562,1009.0691215895743,52,08:29,17:54
Paris,Monday,21,9.693407555503804,3.7007864174282634,9.070048008256194,40.0,2.762959587804737,9.575394332070486,1013.1109789716447,53,08:29,17:54
Paris,Monday,22,10.509815066778707,11.540767498401923,9.625122816831976,29.0,1.1706153298789126,8.414043401912064,1018.3053276500324,60,08:29,17:54
Paris,Monday,23,11.101785594080146,10.129485682762985,10.26413607132138,42.0,2.9956143111628855,7.136558468468864,1009.6794896793275,62,08:29,17:54
Paris,Tuesday,0,8.773676188737149,8.86693083777439,7.978111827478002,35.0,1.6925694861440794,8.235484653845226,1019.0579058495553,55,08:29,17:54
Paris,Tuesday,1,7.303234239012562,8.535447987213786,6.518719306105436,45.0,2.8905676577196955,7.970079221779377,1019.3858401780261,55,08:29,17:54
Paris,Tuesday,2,6.813294042154376,7.004046328242725,6.079825831212951,50.0,2.6448542617570134,10.2580890770509,1011.6963784397931,69,08:29,17:54
Paris,Tuesday,3,6.862078875174127,11.699411542700641,5.972098490417439,59.0,2.533045974756029,10.41490716520819,1018.8117827121505,63,08:29,17:54
Paris,Tuesday,4,8.59905227423078,10.532551646666654,7.747967219341892,57.0,2.766012048059118,12.337624906061276,1021.2083182325497,63,08:29,17:54
Paris,Tuesday,5,8.862428448916006,15.696572255690121,7.8392093737263355,57.0,1.5234506016963787,7.60332324084195,1015.2318234442445,61,08:29,17:54
Paris,Tuesday,6,7.2687774209485685,16.585848603696896,6.215915800825338,59.0,1.9230868938842551,7.508881884579646,1011.5463335482973,41,08:29,17:54
Paris,Tuesday,7,9.249185516327465,11.167466124479976,8.376936645511465,49.0,1.5480257518411433,7.371568847328613,1013.3519039333086,42,08:29,17:54
Paris,Tuesday,8,6.970179954958706,13.930501160693677,6.005829916268916,43.0,1.4023500108677367,9.18311425842611,1014.7135627406906,47,08:29,17:54
Paris,Tuesday,9,8.22565135270737,15.767505997110003,7.20006781947037,43.0,1.2179009764893307,12.324635215136402,1016.6960279224663,42,08:29,17:54
Paris,Tuesday,10,10.190100645557044,12.205481048409201,9.283251277276737,58.0,1.4710056660266624,12.22237495183908,1012.1165404510897,74,08:29,17:54
Paris,Tuesday,11,12.775335575132713,10.889637405143734,11.912347661627923,46.0,2.725808280130149,11.476674560562971,1018.7247682533774,68,08:29,17:54
Paris,Tuesday,12,15.344538656833068,9.860899028636698,14.515842022545177,53.0,1.7650951659205647,6.571442328282567,1017.6492238078176,58,08:29,17:54
Paris,Tuesday,13,14.791386969471455,9.218807806649265,13.98409337591648,54.0,1.6495443084348982,6.868422773286285,1019.3770371847465,61,08:29,17:54
Paris,Tuesday,14,18.390078324517912,4.832928524986148,17.728980707018373,28.0,2.0361503238733696,6.207480833342975,1013.1807790131182,44,08:29,17:54
Paris,Tuesday,15,17.12865960249178,4.391225854618092,16.482285407337844,29.0,2.3877246658445563,5.892484479996533,1009.5833212788903,42,08:29,17:54
Paris,Tuesday,16,17.223687362856566,8.245439310215655,16.44883938584938,49.0,1.703751996925436,6.478509750943384,1008.8788010225653,43,08:29,17:54
Paris,Tuesday,17,14.386796543704914,10.238067490728827,13.545527627347287,39.0,1.6763215818271395,9.97986057690627,1017.1971807010904,74,08:29,17:54
Paris,Tuesday,18,13.749405366372148,10.428699483006238,12.90178205027194,33.0,2.890606019428513,7.299557596289954,1014.5580031246207,41,08:29,17:54
Paris,Tuesday,19,12.254330378900981,5.6116587361298755,11.567275087696652,51.0,2.599461070974905,9.115455142716296,1011.6647246683252,60,08:29,17:54
Paris,Tuesday,20,11.955431558995699,8.926617351773283,11.157877647269922,44.0,1.3871153904302538,10.37765831529108,1010.245058220162,66,08:29,17:54
Paris,Tuesday,21,9.62061217146212,10.362587245505704,8.77519259661193,30.0,1.4529357738849569,10.231877995406187,1018.5710109720069,52,08:29,17:54
Paris,Tuesday,22,9.46047667398664,5.839784163871229,8.7658172018576,33.0,2.4840864841788735,8.137221789458781,1013.5648895929269,65,08:29,17:54
Paris,Tuesday,23,10.737730922113833,13.921280454927926,9.773688240282903,36.0,2.9697271842356834,10.300466333829405,1015.425448436162,67,08:29,17:54
Paris,Wednesday,0,9.14574685384185,7.852828843491256,8.383985892392142,59.0,1.5987584183469776,7.674370157909096,1014.4608649510845,49,08:29,17:54
Paris,Wednesday,1,8.381567052941591,9.273266949226727,7.572458154634034,54.0,1.2443145547416505,11.640181746974005,1013.9477921876603,68,08:29,17:54
Paris,Wednesday,2,9.411676961762218,11.532256443710855,8.527268413638524,44.0,2.4489571022864567,11.421952013534135,1012.0239370018148,70,08:29,17:54
Paris,Wednesday,3,9.422849536799992,16.459217327547638,8.374208959215071,39.0,2.3667122371193687,9.566415178758904,1017.4500335931953,51,08:29,17:54
Paris,Wednesday,4,7.347745870033716,15.87402239475927,6.318611790208407,66.0,1.405998943346962,7.000572625842706,1016.8759666899398,50,08:29,17:54
Paris,Wednesday,5,9.407832777654349,10.56708011233361,8.555596773909896,46.0,1.512574099623841,10.067203839316262,1019.1210343660093,43,08:29,17:54
Paris,Wednesday,6,7.402698060890879,16.770109636528183,6.34369440633994,59.0,1.635264701638563,8.753958711203436,1018.1702374295103,70,08:29,17:54
Paris,Wednesday,7,9.61321745481059,9.853280280325336,8.784774778799745,48.0,1.2242635139559221,9.063855361537605,1014.0639605857629,64,08:29,17:54
Paris,Wednesday,8,10.16876487633645,7.81509341605025,9.408261762468108,40.0,1.438512229829779,9.8565749786575,1020.9054659629174,62,08:29,17:54
Paris,Wednesday,9,9.130621497538762,15.092024252932347,8.127554022441016,54.0,2.6352698383361286,8.73263644949351,1019.2039195382213,43,08:29,17:54
Paris,Wednesday,10,10.566769077025974,9.586196332115252,9.7472291992888,36.0,2.617302523157446,10.755955794483734,1012.5317526399119,57,08:29,17:54
Paris,Wednesday,11,13.337694462008706,10.563083757682447,12.485591670085958,49.0,1.3070632339860775,7.505567509268774,1011.2633751609757,53,08:29,17:54
Paris,Wednesday,12,13.29027777257114,6.737077320500725,12.565708528554449,50.0,2.868307914119561,10.47167607362666,1010.5247470466994,49,08:29,17:54
Paris,Wednesday,13,16.031799935746253,5.429706120382282,15.350809731733511,39.0,2.607526417911176,6.736528900423608,1013.2058449053852,53,08:29,17:54
Paris,Wednesday,14,18.402208907803637,11.69080531476997,17.512515397311304,36.0,1.36127320867524,8.803798040879833,1018.5491720125922,42,08:29,17:54
Paris,Wednesday,15,13.427374601661839,7.431569904597525,12.679655604841921,25.0,2.8205920726868956,9.261383381488233,1010.1068355078805,55,08:29,17:54
Paris,Wednesday,16,17.583386159246736,11.69825305886398,16.693444390617938,48.0,2.950494186191505,6.392430626316741,1010.8449142839129,68,08:29,17:54
Paris,Wednesday,17,14.012487244858427,8.692011962942418,13.222753512760347,45.0,2.9438179623842,7.792240917341114,1017.4554641640353,56,08:29,17:54
Paris,Wednesday,18,16.80814604397822,7.127740132204149,16.07055470623808,32.0,1.7183279772399085,6.254321466245149,1010.6803758842437,73,08:29,17:54
Paris,Wednesday,19,11.122375309670382,5.008867385372465,10.4554130634913,24.0,2.3170709932918543,6.850550231589006,1018.3217949770325,71,08:29,17:54
Paris,Wednesday,20,9.5050707326139,10.204747793384486,8.664912472834418,23.0,1.741743666417853,6.886639228800456,1016.3772135478584,47,08:29,17:54
Paris,Wednesday,21,11.867207591632464,8.488411102843948,11.084260554871,32.0,1.4787314362329336,10.259784967548956,1011.0614082103031,46,08:29,17:54
Paris,Wednesday,22,11.51688878472144,6.195700157438772,10.810365446140148,41.0,1.5209378358378265,6.321947075439832,1010.9946157278513,49,08:29,17:54
Paris,Wednesday,23,10.635053052897426,7.497992041505079,9.885119984847258,51.0,2.1521129277929916,6.263518451613545,1014.1387634003252,62,08:29,17:54
Paris,Thursday,0,8.741030110067147,12.632832975048586,7.819935677565527,39.0,1.8142536625042471,6.478131858841089,1019.1617964808562,56,08:29,17:54
Paris,Thursday,1,8.353070231360906,11.908392764878666,7.456123805864951,52.0,2.679343958916368,10.927753718528127,1012.9816328459577,70,08:29,17:54
Paris,Thursday,2,7.163714772648763,15.039793546893131,6.162388321085659,53.0,1.7921147408173463,11.502968281243007,1015.418102491488,59,08:29,17:54
Paris,Thursday,3,8.419996919876468,16.928485432811424,7.355714072116087,56.0,1.4758871493677033,11.785219075292044,1020.283657181156,70,08:29,17:54
Paris,Thursday,4,6.665275497228433,11.428162558201423,5.784336745288385,58.0,1.4873906602689917,9.563106175947764,1011.510585699058,62,08:29,17:54
Paris,Thursday,5,10.596807348797974,11.049552370000457,9.728488936464625,61.0,1.1683852289739312,9.727554145472448,1015.3799038817994,68,08:29,17:54
Paris,Thursday,6,7.617902099791969,17.011297267249645,6.550858857550314,42.0,1.394211531108119,7.274203611317477,1013.8465170837785,50,08:29,17:54
Paris,Thursday,7,8.682248727791784,9.733478277942513,7.857799451860367,48.0,2.34906632242535,7.258530415609682,1018.4899405721828,57,08:29,17:54
Paris,Thursday,8,8.574307629411262,7.697613812791001,7.817720502318228,64.0,2.1396054963892244,9.774093186025397,1015.3924462819564,50,08:29,17:54
Paris,Thursday,9,8.1640673200647,13.68934380635578,7.20775585985284,41.0,2.707074945062165,9.460100161820707,1019.7390927594789,70,08:29,17:54
Paris,Thursday,10,9.422682100369943,16.29655159894734,8.379463713738366,46.0,2.3726253801593375,11.406796672747735,1011.2793549189792,59,08:29,17:54
Paris,Thursday,11,17.64016816885673,14.55636188578126,16.654956105997353,52.0,1.6914445437943457,6.315585062106762,1011.7805411696518,48,08:29,17:54
Paris,Thursday,12,17.25786542745055,7.680894005897364,16.50183562725397,47.0,1.9413363427109447,6.0675820756009555,1013.4012770525645,66,08:29,17:54
Paris,Thursday,13,14.797650617571653,12.666277697947205,13.875441360973413,44.0,1.8596536223768605,9.873650205789833,1016.1317047421405,72,08:29,17:54
Paris,Thursday,14,13.69945774840294,6.847336515661787,12.97121319788088,52.0,2.0383692892836405,7.032387180312516,1009.9926843563284,71,08:29,17:54
Paris,Thursday,15,13.537570354769253,11.76103944250099,12.645535706685886,28.0,2.048708791880366,9.043289270853704,1010.2061310204048,48,08:29,17:54
Paris,Thursday,16,16.66361976186126,9.034258633802917,15.862477807401161,45.0,2.954157775700817,9.148103441676938,1017.008132674999,74,08:29,17:54
Paris,Thursday,17,17.509084781225326,4.690433558639641,16.852736995937338,51.0,1.9765322686728868,6.177216777498968,1014.1191077662639,51,08:29,17:54
Paris,Thursday,18,17.634703180387632,8.57321998452974,16.84892918090331,34.0,2.924955205665353,5.822063691336764,1009.1963863212746,49,08:29,17:54
Paris,Thursday,19,12.28445553092427,6.519830323478029,11.567127853475002,39.0,1.4732446815950453,10.352291931647615,1018.3770743766935,45,08:29,17:54
Paris,Thursday,20,9.05839347752948,3.6028096597663444,8.438299822203934,46.0,2.1056217584130312,10.84857697233255,1011.905760641944,47,08:29,17:54
Paris,Thursday,21,11.876197945492507,4.01645137438854,11.24231623301289,48.0,1.831747663318699,10.148587492451883,1013.0921875282874,71,08:29,17:54
Paris,Thursday,22,9.07656152105054,4.007410582250587,8.442981168308853,27.0,2.170449576311909,10.309591129050844,1018.2988854289595,46,08:29,17:54
Paris,Thursday,23,9.45518888293331,4.661881888063552,8.799792819997858,57.0,1.8526225904444114,6.260457525502777,1009.6816262683205,63,08:29,17:54
Paris,Friday,0,8.497602681686267,12.393971084466084,7.584470312204064,48.0,2.212891223865665,7.161474224631193,1013.0291706314523,50,08:29,17:54
Paris,Friday,1,10.568013388240939,9.32441232759236,9.75719964398786,54.0,1.5654507185993956,7.253600227064474,1017.2572330013685,63,08:29,17:54
Paris,Friday,2,7.632843670004654,12.439447685432675,6.718195413823564,43.0,2.7538902757475956,11.798907337675578,1014.2753202752585,52,08:29,17:54
Paris,Friday,3,9.569015030817848,17.01541364258111,8.501834576065145,57.0,2.765444925837789,8.111504200525843,1013.2074182938851,58,08:29,17:54
Paris,Friday,4,7.999550012551385,12.261207262166561,7.0908431038124995,54.0,2.2135864678051784,11.911446207664792,1012.9785404419506,43,08:29,17:54
Paris,Friday,5,10.033197295656391,9.518965572892437,9.215898443226644,57.0,1.067456296414357,9.987715635948762,1014.9479600203379,46,08:29,17:54
Paris,Friday,6,8.656882534108671,14.521985881411304,7.672816338061628,47.0,2.448213247499327,9.210718898368487,1020.3760017200173,46,08:29,17:54
Paris,Friday,7,7.9158515084571155,11.131555328969837,7.044799664158121,46.0,1.1870933392834477,7.907259530898356,1013.4028316079762,41,08:29,17:54
Paris,Friday,8,10.310131833695188,16.086734599635243,9.27390734704068,38.0,1.524154641644951,8.4068712301635,1013.0932073142936,62,08:29,17:54
Paris,Friday,9,9.009780946530757,7.5648200936195975,8.257620276743436,53.0,1.7133103601407744,8.498418743448916,1013.9526200908016,47,08:29,17:54
Paris,Friday,10,7.347621317078783,16.025972505849353,6.3134222335504715,53.0,2.346052727833582,8.180921677883076,1014.1660730804464,74,08:29,17:54
Paris,Friday,11,16.561194217227683,8.791372354990703,15.768148472061327,42.0,1.0421003959596657,8.554389461764643,1019.1887994487262,64,08:29,17:54
Paris,Friday,12,15.63154034048468,14.93926160545887,14.63356495363605,60.0,2.537686538981114,8.685661883733228,1014.3305896090008,63,08:29,17:54
Paris,Friday,13,17.032479853766304,9.816012065473702,16.20527945158385,37.0,2.3609058470421305,10.983093805379266,1017.7195433575964,51,08:29,17:54
Paris,Friday,14,18.163376116917746,9.51596138415134,17.3461774041127,52.0,2.6991822804286523,7.372173975142804,1009.5782617648638,62,08:29,17:54
Paris,Friday,15,13.966951054265785,8.179850018528626,13.194289386981497,36.0,1.771914763200602,9.2809520040973,1013.5711536215174,53,08:29,17:54
Paris,Friday,16,15.461564883502799,11.167982867224794,14.589298787928639,42.0,2.8440630453658455,7.828609209142569,1011.7693290730086,44,08:29,17:54
Paris,Friday,17,13.265216391821166,4.0268984287220775,12.630986444197097,43.0,1.9559033004703061,5.836302781528448,1015.3008249279031,40,08:29,17:54
Paris,Friday,18,12.859298336304724,5.671852206425495,12.17023659609054,34.0,2.409725272136697,7.98945994661328,1012.4920610975681,62,08:29,17:54
Paris,Friday,19,9.860548473005538,8.171408378253412,9.088168193730425,30.0,1.763557191170585,6.736050618959049,1011.5446109762386,61,08:29,17:54
Paris,Friday,20,10.177233885303842,8.083041583944915,9.40779916583901,42.0,1.9336860784029926,6.369720658632566,1013.8364441408713,72,08:29,17:54
Paris,Friday,21,9.844456535163237,6.685764713630234,9.121597711375562,25.0,1.0938661171232373,5.545927300637114,1011.1942055492232,43,08:29,17:54
Paris,Friday,22,10.876171378554051,4.298679966571575,10.232882046335,51.0,1.9019216589986754,6.020071754806596,1013.3218071924352,58,08:29,17:54
Paris,Friday,23,9.851191532864899,12.101888661460984,8.947795244149532,31.0,1.869667859862405,8.11653979219976,1011.2949840329225,40,08:29,17:54
Paris,Saturday,0,7.490843241981778,6.159186532281275,6.785537024239068,69.0,2.876124212629401,7.930947543465127,1018.048391564079,74,08:29,17:54
Paris,Saturday,1,7.747302029811728,8.060834903845297,6.978607533016884,58.0,1.5522398725138167,7.023231131467883,1015.1963059759779,67,08:29,17:54
Paris,Saturday,2,7.523923414944669,8.68443100084645,6.73444238158312,52.0,2.0428729692939913,10.160088774597817,1013.1777501162649,49,08:29,17:54
Paris,Saturday,3,9.66380519580618,12.250750886540368,8.755446832921502,69.0,2.0126317854577596,10.182583690832265,1020.2543394964466,71,08:29,17:54
Paris,Saturday,4,10.015843292882941,15.379423680995746,9.00319583684975,66.0,1.4448028090844083,10.861267796255156,1013.6654922153881,74,08:29,17:54
Paris,Saturday,5,9.725587453506906,13.5626940147176,8.77349765301632,79.0,1.7109997097878422,11.427492695113257,1012.1536421441483,51,08:29,17:54
Paris,Saturday,6,8.726245486318858,9.801088726394653,7.899542528772369,79.0,1.456664983445521,10.068875437120028,1019.1509574491333,53,08:29,17:54
Paris,Saturday,7,8.14714838996846,16.90740613777889,7.083568185375831,80.0,2.553654420624974,10.038108069450887,1018.2463484749237,66,08:29,17:54
Paris,Saturday,8,9.465544075993106,11.745494588172683,8.574027589720684,77.0,1.4419825333995477,10.153025993387613,1017.4437526793484,41,08:29,17:54
Paris,Saturday,9,10.205796027380927,13.810699825240963,9.245439366539562,67.0,1.7910028760721046,7.387731440818018,1018.3364037654612,53,08:29,17:54
Paris,Saturday,10,9.608161958768124,7.295236401081494,8.864987412065407,70.0,2.0550616969384645,8.729791863819816,1017.613295266248,57,08:29,17:54
Paris,Saturday,11,16.23650734061757,13.4084841065293,15.289557870399928,57.0,2.0705054550987643,7.361336221765094,1013.0573888080016,40,08:29,17:54
Paris,Saturday,12,18.001297382602388,8.32351314914243,17.22384694429764,57.0,1.9207450906666608,8.195360818280149,1018.0176266217763,47,08:29,17:54
Paris,Saturday,13,16.558487051817405,6.016596976052304,15.857933819282328,54.0,2.281544996574363,9.897429587733955,1012.7329189881548,74,08:29,17:54
Paris,Saturday,14,18.2474132935707,12.816081791144367,17.32021056719922,30.0,2.214875101390123,9.03949908878451,1014.1017402507651,66,08:29,17:54
Paris,Saturday,15,15.923836686265995,9.935550533603841,15.092651668479201,36.0,1.5403886670200555,9.645090964343849,1018.1179648759386,57,08:29,17:54
Paris,Saturday,16,12.929447267468708,2.5397167168317925,12.344790043574315,29.0,2.7448556200638583,7.6161599904361585,1017.7873758010679,68,08:29,17:54
Paris,Saturday,17,15.362739603098394,6.168087840991252,14.657136675065352,27.0,2.2707928783924096,10.515314221906747,1009.0187765425014,69,08:29,17:54
Paris,Saturday,18,15.882058566186926,2.231904617614454,15.307661745599777,45.0,2.7892516206244142,10.052520783053428,1014.4124860361042,60,08:29,17:54
Paris,Saturday,19,10.071710793704481,12.048233083500392,9.170103024254468,35.0,1.8069784499675714,9.546083019042138,1014.1643441908217,58,08:29,17:54
Paris,Saturday,20,11.52015784894672,9.61500102481289,10.69965781478629,23.0,2.91385682551904,8.080966383212258,1018.5822846872114,44,08:29,17:54
Paris,Saturday,21,9.885313984793545,6.112114458429558,9.181576836179225,33.0,2.815871791927809,8.857151160526163,1009.6319235008932,74,08:29,17:54
Paris,Saturday,22,9.006420793709399,10.131785581065929,8.168694607673867,48.0,2.5115723038249076,6.713463757025526,1015.1522551272134,62,08:29,17:54
Paris,Saturday,23,12.30405016860221,11.495354762365874,11.420871676523348,49.0,2.804721828055018,6.999592961305259,1009.8508779045449,69,08:29,17:54
Paris,Sunday,0,7.196885343673754,7.279643945180528,6.45423054550107,56.0,2.317691981048588,10.829327169140058,1015.2018821951875,65,08:29,17:54
Paris,Sunday,1,8.446534450641497,12.221768434101573,7.539142169504778,74.0,2.2082885665929224,7.0315325468603,1015.8358116333931,64,08:29,17:54
Paris,Sunday,2,9.750424558246097,6.600824746693066,9.030397066689662,56.0,2.4270860033260058,8.418483747408374,1019.4939647137442,60,08:29,17:54
Paris,Sunday,3,8.914152150259335,10.055226706752158,8.07897792670093,70.0,1.6198928568895976,8.799751955698156,1015.4549967484153,74,08:29,17:54
Paris,Sunday,4,9.018952488360972,9.21844568005531,8.211670965692461,87.0,1.272585923277534,12.092601246729162,1011.8419725396225,53,08:29,17:54
Paris,Sunday,5,9.398327472249111,13.535070223045366,8.447158464814265,79.0,2.374756106316738,10.580501727305391,1014.0685888157243,50,08:29,17:54
Paris,Sunday,6,9.534766528235016,9.224715686509871,8.727276005351353,75.0,2.8895303180892293,11.356687034768036,1018.9194281040712,67,08:29,17:54
Paris,Sunday,7,8.649039005016714,10.112049732037633,7.81197068061546,81.0,2.674424120045276,12.202418869575267,1021.1974215387738,51,08:29,17:54
Paris,Sunday,8,8.693231387121411,13.093943960660168,7.756766588432739,83.0,2.8463192971782703,11.733877581483474,1018.7458272828771,42,08:29,17:54
Paris,Sunday,9,10.45491205441082,14.35188566476393,9.476515865585355,74.0,1.053028357345541,8.644495450226962,1020.4118530797933,48,08:29,17:54
Paris,Sunday,10,6.808488870361005,8.968160998853714,6.009550170399215,61.0,1.6048652218578279,7.621742043468521,1018.2468660315734,67,08:29,17:54
Paris,Sunday,11,15.851204304786489,10.093688533382242,15.014748020340415,54.0,1.236605057080466,7.09024018901841,1017.6809423474257,72,08:29,17:54
Paris,Sunday,12,13.850922819077962,11.520150366898463,12.966917806848013,44.0,2.6011595226628463,10.73995616420674,1010.6585925550206,66,08:29,17:54
Paris,Sunday,13,16.986513035761934,8.772014074249155,16.194112566620294,45.0,2.6947906994370268,6.526547962675827,1013.4295788651277,53,08:29,17:54
Paris,Sunday,14,13.842187376967422,13.268101537243938,12.899917325725957,44.0,1.5706456483530669,8.569305129671058,1018.1641948455643,61,08:29,17:54
Paris,Sunday,15,14.036726903724212,11.988981674364336,13.1370941812454,42.0,2.3251943059728912,10.923543702449187,1013.2687141201311,63,08:29,17:54
Paris,Sunday,16,18.21854132195194,3.2086733370790608,17.611585544049305,41.0,1.0433480437242655,10.750319459419625,1013.9728369252811,56,08:29,17:54
Paris,Sunday,17,18.48522505187237,9.500295888840856,17.66854852224434,35.0,1.5819503065778882,9.625938496221456,1017.5610403866092,48,08:29,17:54
Paris,Sunday,18,15.564004609465375,10.491364560432384,14.714292457450963,23.0,2.388615429878377,6.930349900984508,1016.5564975429563,54,08:29,17:54
Paris,Sunday,19,9.548285327925226,11.761709220778844,8.656228353899264,47.0,2.53599116853964,5.071137037369505,1017.8059154504043,73,08:29,17:54
Paris,Sunday,20,8.792758055095021,5.933581034245318,8.094972020620178,39.0,2.5096257100447987,10.533227370446696,1016.2155560496326,55,08:29,17:54
Paris,Sunday,21,9.620681559019616,4.672748456270862,8.964923277143921,51.0,1.0848808804677925,9.96922359761727,1013.9287951423408,43,08:29,17:54
Paris,Sunday,22,8.6759104308934,5.458971269198527,7.993944721920115,34.0,1.4441258476607908,7.408659177646653,1016.2534923788832,68,08:29,17:54
Paris,Sunday,23,11.746005824966545,10.25677564372118,10.904113303509172,39.0,1.561449792916413,10.244095434345862,1011.348415753886,58,08:29,17:54
New York,Monday,0,6.726548511922772,10.1958313974734,4.046826418757878,25.0,0.19128128184722704,5.4489591128827115,1005.8614288639294,52,07:06,16:29
New York,Monday,1,7.20596542722455,20.11857865597373,3.8647268501596344,39.0,0.2337840565419812,4.841786587710765,1000.625387617505,51,07:06,16:29
New York,Monday,2,6.160864742969487,18.56946516926297,2.9229003983519557,22.0,0.6226930204911647,3.8646793482936275,1002.9378256334337,41,07:06,16:29
New York,Monday,3,6.609644458319541,14.83277917566536,3.6207925132751835,23.0,0.5290683008305228,4.915907796095947,1008.5913326166766,40,07:06,16:29
New York,Monday,4,7.424943857015656,22.213345345585463,3.9440541673099583,18.0,0.7530078411155107,1.8536809727514385,1003.5165352359487,42,07:06,16:29
New York,Monday,5,6.588422438816895,17.596205582287748,3.415342066664379,30.0,0.26905158270990726,2.0268166030254187,1005.0941344525758,52,07:06,16:29
New York,Monday,6,7.075703557219276,23.215854190577993,3.5279799445140765,50.0,0.7327650349188106,1.8443866651226162,1001.4703131327785,41,07:06,16:29
New York,Monday,7,7.3678985683088465,14.395294648718943,4.408212258394251,22.0,0.6173259691166347,4.475301937878263,999.810669904543,55,07:06,16:29
New York,Monday,8,7.9062002457201785,15.679051513490874,4.860930144820787,44.0,0.7584441207003045,1.9426943686785973,1007.2412031911382,66,07:06,16:29
New York,Monday,9,7.361825064805702,18.605715051069758,4.121444061401052,42.0,0.5718942306821051,3.7520929796299325,1000.529391711174,59,07:06,16:29
New York,Monday,10,6.960455216407903,13.947718406420208,4.0306073226465555,39.0,0.8983617961431867,3.8821631171032314,1001.455281329654,56,07:06,16:29
New York,Monday,11,15.136264879682937,16.316684333373722,12.048485924124689,16.0,0.09366640165752516,1.96039741646674,1005.1985667229611,47,07:06,16:29
New York,Monday,12,18.51779718910692,19.593541725615076,15.211561074065914,26.0,0.059595949428200234,3.608444911584658,1009.0290649170383,54,07:06,16:29
New York,Monday,13,19.90226511745422,9.857628826200935,17.245089862374158,31.0,0.6971414215867369,2.2847872640940023,1003.9077236227308,53,07:06,16:29
New York,Monday,14,15.954570644362848,13.684329579560444,13.042282005725484,25.0,0.08158713345231716,2.605793129356796,1000.9163527391097,44,07:06,16:29
New York,Monday,15,15.347639360001343,14.549430033500899,12.37767735776795,31.0,0.5148400638165945,4.216777569802366,1005.5185332234819,69,07:06,16:29
New York,Monday,16,18.452488838614386,16.007911722550432,15.38529472377769,21.0,0.45395540405114365,3.041229579837713,1008.2676979244903,63,07:06,16:29
New York,Monday,17,16.906042867354454,9.843595392336221,14.24980317453204,11.0,0.7107110698611597,4.346747520843194,1010.4870739650223,59,07:06,16:29
New York,Monday,18,19.972289085372502,12.718251329555244,17.124405663402154,19.0,0.869663733780284,5.958654075868248,1011.7648973187305,56,07:06,16:29
New York,Monday,19,8.7452489414047,6.983164455403375,6.279704644377809,26.0,0.549417923463248,6.356833965887971,1007.0446396918624,62,07:06,16:29
New York,Monday,20,10.008995587435997,11.963533754686942,7.211426670456868,20.0,0.47778869780080335,5.794282636167907,1009.6762606570975,52,07:06,16:29
New York,Monday,21,8.067581484124904,15.293988669319212,5.047982239503623,16.0,0.17634028211149366,3.9296130866832097,1004.2575582277533,64,07:06,16:29
New York,Monday,22,9.669351055049155,8.736600142242994,7.086911045566289,30.0,0.9435030260096707,3.130082228571849,1001.9274982445057,49,07:06,16:29
New York,Monday,23,9.546477450916939,9.253584654791418,6.929571807264177,30.0,0.2812018910474531,3.551001315746369,1007.3214719124975,58,07:06,16:29
New York,Tuesday,0,7.038277770042298,11.29515440979911,4.285267476055691,32.0,0.9656353912483399,5.490663718336991,1000.8504821489327,62,07:06,16:29
New York,Tuesday,1,8.001722211773718,11.874210021317346,5.210108210352561,32.0,0.9331108101016972,5.1979629701264045,1007.6133815095069,45,07:06,16:29
New York,Tuesday,2,7.920471674260822,18.380173413425847,4.695126780032433,29.0,0.9353851826365454,3.470550266773322,1007.6869246697453,54,07:06,16:29
New York,Tuesday,3,6.344472660886111,21.244235239143492,2.928190311609878,28.0,0.5879951965577792,4.134186266872852,1003.3041959445062,63,07:06,16:29
New York,Tuesday,4,7.657979949302609,17.291494492826356,4.505213649780852,39.0,0.21742647153486894,1.3945029521414882,999.1381281639717,67,07:06,16:29
New York,Tuesday,5,6.017890168024011,19.256787271691778,2.7341043499112256,37.0,0.9182545531928582,4.309697780922307,999.8455427106103,62,07:06,16:29
New York,Tuesday,6,7.442469680457712,21.887920417536854,3.9832749859552554,34.0,0.9355173525792099,1.5499623636977446,998.8559609652965,45,07:06,16:29
New York,Tuesday,7,7.6405031119250655,19.565257075234314,4.336152640242778,28.0,0.8460854507631548,4.015416957907752,998.729045129106,48,07:06,16:29
New York,Tuesday,8,7.65532904750653,18.48095999632335,4.423265047751641,22.0,0.5151447831768858,3.7918127193553794,1002.5883242550685,51,07:06,16:29
New York,Tuesday,9,6.786942154217979,20.688030495845723,3.407740121161597,20.0,0.8297944988148148,2.8847040760958547,1001.395026819869,65,07:06,16:29
New York,Tuesday,10,7.274286772370681,14.758202326035224,4.290406617301667,24.0,0.17878280644841327,5.155433564547253,1002.8172498497095,55,07:06,16:29
New York,Tuesday,11,15.241159040235615,11.808623899575698,12.45391744693057,28.0,0.8655941639710174,3.1281109433230494,1009.4936096990326,49,07:06,16:29
New York,Tuesday,12,14.35276343259028,15.439802167909004,11.323443288063013,12.0,0.8628856793131551,5.340552341493645,1009.8762050718308,57,07:06,16:29
New York,Tuesday,13,15.504190998123965,13.068127637535442,12.632982488954935,24.0,0.8805988198968262,3.5599046106519876,1001.0979373012088,68,07:06,16:29
New York,Tuesday,14,15.384777639500083,14.15391231181503,12.441183485379081,13.0,0.08603761462333226,3.2110452614625236,1010.5295662667397,55,07:06,16:29
New York,Tuesday,15,15.904675335433328,10.223684547236308,13.223096365617575,17.0,0.6434074369040338,3.5746214019373808,1008.2495966442223,58,07:06,16:29
New York,Tuesday,16,18.094160339134806,8.87661170327251,15.502386225583306,6.0,0.8264993815273161,2.8903673819805524,1008.9256296186769,43,07:06,16:29
New York,Tuesday,17,15.172519515908657,11.635219678502615,12.396838204008484,15.0,0.32282998036576904,4.203560502348906,1011.2772735419416,43,07:06,16:29
New York,Tuesday,18,15.028140202433617,7.062057845859091,12.55733634604301,3.0,0.4884184123157118,6.805069667400547,1003.8258475399473,50,07:06,16:29
New York,Tuesday,19,8.663954411560823,14.709551503704208,5.683317644647209,7.0,0.10882083589205327,5.572308651074189,1005.8458762025119,63,07:06,16:29
New York,Tuesday,20,8.11279930046023,12.346006223508073,5.289732218893025,17.0,0.7282856808426911,6.646676703545997,1008.9873114338277,48,07:06,16:29
New York,Tuesday,21,9.502966578566356,8.530850012969832,6.934243244368368,25.0,0.3743587273270007,3.591638871755605,1002.0196708963219,46,07:06,16:29
New York,Tuesday,22,8.44665772182395,10.664901316467569,5.735664300726112,32.0,0.6196353441626933,5.063348405948364,1002.0421129883989,56,07:06,16:29
New York,Tuesday,23,9.319995937603753,13.237463496611689,6.437498371162974,34.0,0.8241020284457611,2.5443456258767623,1003.8549934859673,45,07:06,16:29
New York,Wednesday,0,6.52267788893011,15.475062049738082,3.4910070856142377,26.0,0.9204441604273977,2.189576337370881,1009.7289280571075,60,07:06,16:29
New York,Wednesday,1,7.293824408095537,14.864369625735955,4.302866433046473,27.0,0.8498157720081041,4.425459567798795,1007.2546912622621,40,07:06,16:29
New York,Wednesday,2,6.82567532819335,17.984969224549623,3.626677379890042,27.0,0.8564861250734302,1.9577267844067516,1002.6314576588209,62,07:06,16:29
New York,Wednesday,3,6.519248454433827,16.507524921424594,3.4187467930055204,30.0,0.5182544688229448,4.795761370207975,1007.2619683481242,58,07:06,16:29
New York,Wednesday,4,7.477917251312186,22.062033920179925,4.007114989966857,35.0,0.559535481837772,3.2297870894328353,1002.4108380824695,41,07:06,16:29
New York,Wednesday,5,6.412522211733295,14.129563798706316,3.4705512918195405,36.0,0.1964945710832554,3.1059424628108014,1005.1732253460893,51,07:06,16:29
New York,Wednesday,6,7.029670646539191,17.1613701703792,3.885579301847245,28.0,0.9036617213701124,4.383467351976286,1006.040050565351,46,07:06,16:29
New York,Wednesday,7,7.823227534298747,13.87334398669185,4.898337935185957,19.0,0.7891968919162071,3.0333273929288307,1003.0510545633183,47,07:06,16:29
New York,Wednesday,8,6.300070117924994,16.063200440799754,3.2291900885383438,27.0,0.688775453414638,1.166219842370364,1003.8485110227261,61,07:06,16:29
New York,Wednesday,9,7.146471352704758,22.454674906077734,3.649493025632909,25.0,0.8594564858392588,4.269291089694482,1003.0557430342769,67,07:06,16:29
New York,Wednesday,10,7.782471664953122,17.85066540241052,4.5924273047924205,28.0,0.9487547612096385,2.304965341491723,1004.297333749398,68,07:06,16:29
New York,Wednesday,11,18.143703125059368,13.276243691351482,15.258620212302603,30.0,0.8322762477580684,2.327758347381752,1004.6051760153605,56,07:06,16:29
New York,Wednesday,12,14.365344124312049,11.846344233852173,11.575587842055237,35.0,0.3780815949081823,4.643500915291596,1008.2227543592138,68,07:06,16:29
New York,Wednesday,13,19.555556185878068,14.4735055667427,16.590655814761888,27.0,0.16945937916821363,5.431059844447364,1008.1555653895861,47,07:06,16:29
New York,Wednesday,14,15.94621253974972,14.736566810537362,12.963774752380562,28.0,0.548434035381117,2.624944233067731,1005.6400305957737,48,07:06,16:29
New York,Wednesday,15,15.49446804195626,15.955082551377332,12.430795871864438,13.0,0.6371900694561713,2.7924684179000754,1003.7306202841572,50,07:06,16:29
New York,Wednesday,16,15.863405413255954,10.963275594551192,13.132520373619208,29.0,0.5084855445448844,4.001899215543717,1009.9362444844189,62,07:06,16:29
New York,Wednesday,17,17.677330798221377,12.319202549645409,14.856050628245017,18.0,0.07838761643596215,3.3404591867974287,1007.5934971645854,61,07:06,16:29
New York,Wednesday,18,15.538010005328909,10.689218369854299,12.825395447338622,10.0,0.11220929203451391,3.523500192343534,1010.8243348327813,52,07:06,16:29
New York,Wednesday,19,10.034345134308031,7.195885277048821,7.554619449171444,22.0,0.9535506883534068,4.112982103497435,1011.6577564805095,53,07:06,16:29
New York,Wednesday,20,8.965072762919263,6.875572904698816,6.506701235939342,18.0,0.044081310660822326,5.274759441282787,1002.7656349459576,62,07:06,16:29
New York,Wednesday,21,8.925466587190597,15.401612806468385,5.898692400092704,20.0,0.40607120341371483,4.916769972900387,1008.9790071440327,48,07:06,16:29
New York,Wednesday,22,10.775356804376619,16.58652038846342,7.669588778479058,11.0,0.8274405105572211,2.988171568603051,1001.6846187794266,52,07:06,16:29
New York,Wednesday,23,10.939009073268334,12.913355809766356,8.078118685950576,29.0,0.2268361293653367,5.518261843422876,1003.8130865847957,52,07:06,16:29
New York,Thursday,0,6.933596597664646,19.55567524342683,3.6298849147695242,16.0,0.009419506143077516,2.331806426811323,1005.1652641241842,67,07:06,16:29
New York,Thursday,1,6.534980494249465,18.32403142128536,3.3133783994971084,38.0,0.8322612960092807,3.4701757534763913,1003.6476000567899,61,07:06,16:29
New York,Thursday,2,6.769584438679996,13.178037853584534,3.8910485817743607,28.0,0.10523931297459743,4.06751602051463,1004.4942260566638,44,07:06,16:29
New York,Thursday,3,6.051653029665033,21.993394900672143,2.5854267029535567,32.0,0.6380641979219362,4.638989975538566,1003.3602726716144,67,07:06,16:29
New York,Thursday,4,6.553035708897365,16.574606020689355,3.448061974184742,31.0,0.4634639786882577,3.41779856425667,1001.368675336443,53,07:06,16:29
New York,Thursday,5,6.253495495655571,23.20112414747864,2.7067538858236615,40.0,0.745973579389662,5.025334332763273,998.6793251554557,47,07:06,16:29
New York,Thursday,6,7.87479976697189,15.225411152308162,4.859772356818013,44.0,0.1329596012396176,2.2645349779767483,1005.701764379551,54,07:06,16:29
New York,Thursday,7,6.602081862294068,21.08028014167198,3.19672985284927,40.0,0.9847489325096345,2.8679630832787053,1004.3207293432653,65,07:06,16:29
New York,Thursday,8,6.457454163473011,15.045385824991236,3.454428441806929,38.0,0.6056080049837557,1.3647055026869803,998.9723382926378,48,07:06,16:29
New York,Thursday,9,6.7517900126510035,19.740432341620433,3.435761189876308,28.0,0.2735764051527453,4.110762658887824,1000.5325423911631,58,07:06,16:29
New York,Thursday,10,6.854515264309964,19.81087344670361,3.533790367863057,33.0,0.633898976300431,4.471881324540988,1005.7129367463207,63,07:06,16:29
New York,Thursday,11,18.9109026047402,19.28731030269146,15.625081917894104,15.0,0.6215256330222952,3.2489238571571293,1003.6032962017831,43,07:06,16:29
New York,Thursday,12,14.119475431053424,15.903191518385203,11.059262663161077,37.0,0.9670480580348638,3.3727626533414585,1008.7458610593793,59,07:06,16:29
New York,Thursday,13,15.51994190169294,12.992646618275769,12.653765460474556,9.0,0.866416061322703,2.6899308730010865,1003.5694643549394,58,07:06,16:29
New York,Thursday,14,14.87451685026696,16.816899401705854,11.753390223486571,27.0,0.6840879558555082,4.855222216226696,1004.8591284525567,68,07:06,16:29
New York,Thursday,15,18.145975125819355,12.346764680007707,15.322857480485508,18.0,0.7269130429753826,6.131023546232774,1009.7763631420071,42,07:06,16:29
New York,Thursday,16,16.73318316362323,11.239659828899981,13.983872508363232,3.0,0.6895771998790206,3.118798643441182,1010.52396419903,48,07:06,16:29
New York,Thursday,17,17.76338434326005,14.939423162502658,14.767422799093206,28.0,0.5944845175299615,5.82528962371477,1002.7520355815659,58,07:06,16:29
New York,Thursday,18,15.578024670049189,9.655615800076484,12.93431695004409,2.0,0.8608973864429038,6.606154389954909,1001.9986081720496,60,07:06,16:29
New York,Thursday,19,9.37565404066559,13.793976306330105,6.456055620243584,24.0,0.5622408561137796,4.15349073198951,1003.2714830875594,41,07:06,16:29
New York,Thursday,20,9.768115628988925,10.693594940487486,7.055209299623092,29.0,0.12644383209137766,6.003107045635091,1002.2788652659633,57,07:06,16:29
New York,Thursday,21,8.38471232936874,11.883517607299044,5.592477822215471,31.0,0.20552278636694787,5.198509167052497,1010.9525754500062,44,07:06,16:29
New York,Thursday,22,10.14903182294783,13.359819506284863,7.258377189195506,24.0,0.8438250723352252,2.977189755215849,1001.4249316174457,61,07:06,16:29
New York,Thursday,23,9.857549374955374,11.445384344622935,7.094523751980511,22.0,0.5699116678661181,2.370677178051729,1006.9942492263872,68,07:06,16:29
New York,Friday,0,7.229925113903337,18.621586159707217,3.9884860365895225,23.0,0.7266241316107835,3.8658687189939034,1003.9190478364155,62,07:06,16:29
New York,Friday,1,6.235505048062193,12.44313786530989,3.4059625237082005,29.0,0.9009058757778818,3.535515736984551,1007.5568565611521,60,07:06,16:29
New York,Friday,2,6.46164595827938,20.159367654058727,3.117688114675465,21.0,0.11071712472024653,1.6127843256380867,1003.2924645197071,57,07:06,16:29
New York,Friday,3,6.2315618222320435,20.90333243770734,2.838006326384887,40.0,0.7305969544042534,4.716072154554054,1000.7812933290729,65,07:06,16:29
New York,Friday,4,7.042509712458948,21.84777126044211,3.5859916284294737,37.0,0.17608162141432204,3.5277174062087076,999.6079229794206,63,07:06,16:29
New York,Friday,5,8.011861103742444,15.439719332807076,4.982546481555305,20.0,0.9491408106156426,3.4181582858569217,1002.1619583487543,51,07:06,16:29
New York,Friday,6,7.137234485829679,14.552631806566009,4.167059032058612,42.0,0.38047696928466523,1.1487209650464285,1007.0987827688646,58,07:06,16:29
New York,Friday,7,7.078279709173442,14.271441934776943,4.126850246854979,46.0,0.6625754261943975,3.1695561572834205,1000.8684162314823,67,07:06,16:29
New York,Friday,8,6.792030500266373,18.83316816280092,3.5364859560796447,34.0,0.2604519385376395,1.5917248414586602,1003.9185135248953,58,07:06,16:29
New York,Friday,9,7.977938074327206,17.23111173887869,4.829197291735293,42.0,0.8112406937657735,3.8906819772648267,1008.6772905605776,40,07:06,16:29
New York,Friday,10,6.516923027413993,12.718514827688344,3.6690220389014367,37.0,0.03435898885016386,1.6486447958527468,1004.9175493288574,50,07:06,16:29
New York,Friday,11,16.991772983769376,15.789604979089448,13.93913265183008,23.0,0.016857138332713628,2.010404220051022,1003.8033711622727,66,07:06,16:29
New York,Friday,12,17.378760780196394,18.614022282273886,14.137825961378136,25.0,0.8534232120138218,3.469230423244858,1001.5963198643691,46,07:06,16:29
New York,Friday,13,19.113969267581552,9.447102111358314,16.484162460157666,31.0,0.5208501082897603,5.725752426399276,1007.3322842935316,63,07:06,16:29
New York,Friday,14,17.389875127345512,12.272778734956574,14.571689878348407,21.0,0.5423228458031866,6.108565899112355,1003.0884702466482,65,07:06,16:29
New York,Friday,15,19.9377861835191,12.277688785291003,17.119273597833036,4.0,0.588090809270308,6.436750610094554,1007.7156267942717,65,07:06,16:29
New York,Friday,16,15.482741788396325,8.012217531476262,12.948593952964574,14.0,0.8120465704793988,4.650544762721352,1004.8731287500092,55,07:06,16:29
New York,Friday,17,17.534563721467343,9.84694016185489,14.87810104401035,7.0,0.274122720532756,3.2116629983755516,1009.8916405422812,67,07:06,16:29
New York,Friday,18,18.344230692955424,8.589332313282725,15.771608538736576,16.0,0.25232874270438477,6.484550206663977,1003.7577546700744,59,07:06,16:29
New York,Friday,19,9.29298250110151,10.404119434457638,6.599374538804335,1.0,0.08682803874960565,6.391450959810581,1006.9727206105558,40,07:06,16:29
New York,Friday,20,10.315673252611056,11.591373658413968,7.5429150087167915,20.0,0.705002747615114,6.495701866169031,1010.292162845885,60,07:06,16:29
New York,Friday,21,8.86910745164489,12.7241250858843,6.02083244591927,7.0,0.02844571167155474,2.846036560909047,1010.1097334042784,66,07:06,16:29
New York,Friday,22,9.421521157009959,11.324504238837507,6.6665542077541255,13.0,0.5054573609091488,4.045066703621728,1003.4880255955381,44,07:06,16:29
New York,Friday,23,8.628139427043736,13.286259721392401,5.742388778950909,16.0,0.13369767760166595,4.500008069607636,1004.5391586598033,43,07:06,16:29
New York,Saturday,0,6.880573750762647,14.241033597249256,3.9311715109460295,44.0,0.2490139070578563,2.3872734394720516,1004.7113360752306,47,07:06,16:29
New York,Saturday,1,6.1893121044018615,15.892172947570318,3.129833907897174,27.0,0.7910818773680868,2.0006201520326607,1007.2814173083057,69,07:06,16:29
New York,Saturday,2,7.284024814496899,21.81889146892096,3.8294320499021683,43.0,0.9677500627874118,4.280102775706732,1000.8617156690975,67,07:06,16:29
New York,Saturday,3,7.1694196718569465,15.075965072488737,4.164355333691031,58.0,0.31829640501037104,2.530921757213054,1008.3249459362856,60,07:06,16:29
New York,Saturday,4,6.520505138761527,15.210820243540748,3.5064504558588103,33.0,0.05808521573436276,4.228316677296601,1004.1221937533351,67,07:06,16:29
New York,Saturday,5,6.652725393452802,19.817050529880646,3.331588691460759,53.0,0.5736871644393823,3.4103406948947925,999.6489797882439,52,07:06,16:29
New York,Saturday,6,7.335126390855414,22.607667528729817,3.827948555606759,54.0,0.9318672643728971,1.0522998998129376,998.7729181563852,61,07:06,16:29
New York,Saturday,7,6.421233947962736,23.37923595303535,2.862618217760379,37.0,0.8196760253729044,1.6933170852375414,1005.0926298548455,62,07:06,16:29
New York,Saturday,8,7.6878276180455085,22.735461927815006,4.172130156191175,56.0,0.12119697891661774,2.541165178534877,1007.7745581785281,67,07:06,16:29
New York,Saturday,9,6.692884348894509,13.549566710108646,3.7895799015539327,60.0,0.41697155588977386,1.3990129035764283,1003.8959336814962,64,07:06,16:29
New York,Saturday,10,6.25493183378513,21.607549512152303,2.8144285329749765,36.0,0.5189061050810485,3.045467825032653,1001.4534919500295,42,07:06,16:29
New York,Saturday,11,14.99077838187739,11.241795131562744,12.241325373106541,53.0,0.2990537038678692,4.136312287944038,1000.5585062645163,50,07:06,16:29
New York,Saturday,12,15.94143280614966,15.316433724606952,12.920337224509197,35.0,0.8415343475122664,3.3585202540831105,1005.5090390209217,59,07:06,16:29
New York,Saturday,13,19.60003730712056,16.75462447955967,16.48306234181658,42.0,0.3629380786614187,4.69251883173724,1007.322374596653,56,07:06,16:29
New York,Saturday,14,17.514649573858076,12.908767182234726,14.654065095042428,37.0,0.31153919595896307,6.124449425218842,1007.6860958217289,53,07:06,16:29
New York,Saturday,15,15.466959548438629,9.226529270294991,12.85185759708563,33.0,0.9902023050240054,3.2310354671704107,1007.8050114206457,66,07:06,16:29
New York,Saturday,16,15.030624927748093,14.694929909266662,12.050962933796983,30.0,0.5844211056372249,5.145119942366676,1002.773646284837,47,07:06,16:29
New York,Saturday,17,16.077526430873565,10.354875412371655,13.387201403382122,36.0,0.7320545174604626,5.116822014660095,1003.6192928475481,68,07:06,16:29
New York,Saturday,18,15.673464276488101,14.432044531916539,12.711327974360332,29.0,0.08741323291847658,6.422566416892948,1009.5243497566508,44,07:06,16:29
New York,Saturday,19,10.80690566072661,7.03751164210322,8.337738217919728,20.0,0.884925179819326,6.112662727583705,1009.0748403745271,41,07:06,16:29
New York,Saturday,20,10.131401200190172,10.743672960248762,7.415156336173588,27.0,0.6587992127899411,3.1488861290611805,1001.9352710087135,46,07:06,16:29
New York,Saturday,21,10.872597518282333,15.799900583068489,7.819270812744434,22.0,0.9780321806162433,3.997993022261637,1007.0258262719592,41,07:06,16:29
New York,Saturday,22,8.813929729764412,14.10110107312257,5.873856324889575,39.0,0.6139519815951434,4.083161517832545,1007.3141349891428,54,07:06,16:29
New York,Saturday,23,8.062446833427769,10.320078751865008,5.374441583303435,39.0,0.33764973695634926,4.5347127287963245,1007.8253709406845,64,07:06,16:29
New York,Sunday,0,7.062653447596139,10.648770618626713,4.352735406354358,24.0,0.46335981594366127,5.491756076872162,1002.0949832392641,50,07:06,16:29
New York,Sunday,1,7.133346140502875,11.498335208500453,4.366790459936178,27.0,0.375010611941652,2.330881110569263,1000.6377497430451,54,07:06,16:29
New York,Sunday,2,7.861999889571983,13.280997616819658,4.976600048450672,27.0,0.9945757106800489,2.9866205330811275,1006.0118239617992,54,07:06,16:29
New York,Sunday,3,7.358806907173013,18.427034939966326,4.130337911175258,37.0,0.8619820728084034,3.67043094522286,1003.0774915348941,69,07:06,16:29
New York,Sunday,4,7.7244382495298165,19.208360298243534,4.443880896313581,41.0,0.8132564671750995,4.314626291984898,999.0815921028321,57,07:06,16:29
New York,Sunday,5,7.519876130808482,20.586140580163747,4.147466758797566,47.0,0.6912191771075387,4.390365367116611,1001.2919968412787,53,07:06,16:29
New York,Sunday,6,7.635574682937569,18.949025236888236,4.372306333811686,65.0,0.2340242520881759,1.9244288133459273,999.5941120937116,58,07:06,16:29
New York,Sunday,7,6.45930117718544,15.164306989943126,3.4483473778558977,51.0,0.22876813764591464,3.480455067146259,1008.0249272500312,43,07:06,16:29
New York,Sunday,8,7.044138494001995,16.69233677333843,3.9313160424461,62.0,0.041579700280671594,2.0644145261132043,1004.7818505993902,54,07:06,16:29
New York,Sunday,9,7.98417695129341,20.551676741215033,4.614065168545741,45.0,0.7318054166073499,4.242197969485068,1000.7932811334931,46,07:06,16:29
New York,Sunday,10,6.692615341325034,18.71269005938381,3.4451026706994465,39.0,0.2882717795032488,4.080480545471232,1002.6434516153735,50,07:06,16:29
New York,Sunday,11,19.729348236493642,20.984654007984513,16.33037130262801,28.0,0.26445251057692454,4.755083000919131,1006.2497575086521,62,07:06,16:29
New York,Sunday,12,17.909331866529374,12.158661461247446,15.098754435779545,44.0,0.6259509137549928,4.361578633849204,1007.6594383580325,54,07:06,16:29
New York,Sunday,13,16.572691111906174,18.863429090404512,13.315129172545873,34.0,0.07498273972353298,2.5003579632110906,1006.6666599759351,43,07:06,16:29
New York,Sunday,14,16.404539857944563,9.628582827633453,13.762634336102334,27.0,0.4245363809066459,3.0185897245358366,1003.7133574481229,62,07:06,16:29
New York,Sunday,15,14.21816188689526,15.049465541474321,11.214864184130304,16.0,0.30500718370033053,3.3199956602445635,1006.0224985350949,64,07:06,16:29
New York,Sunday,16,17.21949586201534,16.41039234206681,14.125469705877553,29.0,0.298470480110551,3.018808037174714,1005.9876093077968,66,07:06,16:29
New York,Sunday,17,14.688764632521163,10.066328695457413,12.017676052824003,8.0,0.11660536405815458,4.469517173157939,1009.3323233366119,52,07:06,16:29
New York,Sunday,18,19.704088695779497,15.094336964652069,16.697799564802693,11.0,0.9601443839709954,5.370115885611645,1006.9692456724215,42,07:06,16:29
New York,Sunday,19,9.469984481624692,12.507384555828398,6.636158844569466,34.0,0.6414893030579827,4.309017668289618,1010.9484702084211,50,07:06,16:29
New York,Sunday,20,10.408130175540105,14.918110064869325,7.413589504548817,18.0,0.9737880541393071,6.501011745976887,1002.2009556926728,41,07:06,16:29
New York,Sunday,21,8.47578487062402,15.030362032650626,5.473760735113978,33.0,0.0715900434825697,3.0013208584631093,1005.5320811570352,58,07:06,16:29
New York,Sunday,22,8.842379377842768,8.762124284392188,6.258237758883289,41.0,0.08511466809730783,5.487778551116845,1004.9033778344888,51,07:06,16:29
New York,Sunday,23,9.233760431814122,17.43066848458482,6.0717158661751345,38.0,0.542246167312408,3.36240630280777,1009.133656388938,44,07:06,16:29
Oran,Monday,0,11.366349426682433,6.73561061047517,13.03991048772995,6.0,3.9353420680226257,9.917353410948923,1016.3624369650393,47,07:59,17:49
Oran,Monday,1,12.53040798900568,6.2088970811275646,14.151297697118435,14.0,2.437328463962101,15.045202111367011,1016.6740186346732,31,07:59,17:49
Oran,Monday,2,13.381418788313017,6.439243223402666,15.025343110653283,3.0,4.205060323456673,13.016101780568494,1015.8651023402916,29,07:59,17:49
Oran,Monday,3,12.7414294813794,6.042294099198179,14.345658891299218,11.0,4.325734758563218,13.45351642684906,1022.2042360248018,49,07:59,17:49
Oran,Monday,4,11.591902927044941,4.693764042882375,13.061279331333179,11.0,2.9784709238531324,13.028186446713445,1018.3379834305431,33,07:59,17:49
Oran,Monday,5,13.431681295316206,4.678617151928577,14.899543010509063,3.0,2.4407527714054176,10.772297856536499,1019.8059502694201,47,07:59,17:49
Oran,Monday,6,11.045190877510294,5.704154408809472,12.61560631839124,3.0,2.5693045320206083,12.217290521364498,1018.0385808354392,20,07:59,17:49
Oran,Monday,7,13.733375280641567,5.977787408178477,15.331154021459415,7.0,2.322305093595212,14.214709142065624,1018.4830070205583,44,07:59,17:49
Oran,Monday,8,11.031302073449588,5.232296514206031,12.554531724870191,16.0,2.4346409475183313,12.269169223402105,1020.6607586577211,41,07:59,17:49
Oran,Monday,9,13.373068221381047,4.632627911442094,14.836331012525257,3.0,3.7860183781449477,11.878803374031419,1017.8131933707128,43,07:59,17:49
Oran,Monday,10,13.170951948649428,4.19973545669619,14.590925494319047,17.0,4.62182857292036,14.712362335839355,1019.005112134473,37,07:59,17:49
Oran,Monday,11,24.80667028604385,7.232448198566201,26.52991510590047,19.0,3.5943959747910643,13.591056976362884,1024.8292689793025,23,07:59,17:49
Oran,Monday,12,20.059887567820734,3.0495634270223904,21.364843910522975,7.0,4.767032343352984,14.345355259146427,1016.3141827658123,34,07:59,17:49
Oran,Monday,13,18.611550758891227,4.083655351323855,20.019916294023613,7.0,3.1961287330099806,11.782595811557158,1024.4173050848965,41,07:59,17:49
Oran,Monday,14,18.413121307002157,3.3321824250601475,19.74633954950817,12.0,2.520100298055488,8.150333722546513,1023.8924532541199,33,07:59,17:49
Oran,Monday,15,25.0,3.684951648422784,26.36849516484228,18.0,2.8379261855061264,11.93771588914449,1021.4059771679532,37,07:59,17:49
Oran,Monday,16,18.428513310146293,2.275959897926719,19.656109299938965,11.0,3.5749730494062435,13.060644178162264,1017.2724335016555,39,07:59,17:49
Oran,Monday,17,24.704860584005594,4.250194149652121,26.129879998970807,11.0,3.6603919993799714,10.646408463064288,1016.7937765667926,35,07:59,17:49
Oran,Monday,18,17.983239399607932,5.702828151331081,19.55352221474104,17.0,4.293686807368329,11.249834219358457,1022.2127970403345,25,07:59,17:49
Oran,Monday,19,16.821289086421288,2.1479129242683523,18.036080378848123,19.0,3.0145067968585426,12.836974828207097,1021.9034351072158,45,07:59,17:49
Oran,Monday,20,15.9453957106737,4.975243596587732,17.442920070332473,13.0,3.270323423853689,11.767229126632227,1020.6573850992949,46,07:59,17:49
Oran,Monday,21,16.718261540860844,5.298600505933191,18.248121591454165,17.0,2.2042872433926104,14.1951884829569,1023.0219127175284,20,07:59,17:49
Oran,Monday,22,17.035477466892953,4.942538650453368,18.52973133193829,21.0,2.221129073405966,9.297156830092074,1016.837183522088,29,07:59,17:49
Oran,Monday,23,17.789256152266198,4.940409380206527,19.28329709028685,8.0,4.582367814273701,13.430873948392971,1023.4185890226518,40,07:59,17:49
Oran,Tuesday,0,12.644160085004456,6.515467213988097,14.295706806403265,11.0,4.602094946139339,10.530329258540819,1018.3229934313824,25,07:59,17:49
Oran,Tuesday,1,12.065456673409392,5.858330401507842,13.651289713560177,14.0,2.3157276487501264,9.186913160880621,1024.6444635906387,38,07:59,17:49
Oran,Tuesday,2,11.182778533592682,4.153900264535919,12.598168560046274,6.0,2.0385173002457964,10.2620050562387,1017.9820059020893,26,07:59,17:49
Oran,Tuesday,3,13.689088567012593,7.1309285591293,15.402181422925523,11.0,2.6231269891593882,12.037170737212419,1025.3324596125594,46,07:59,17:49
Oran,Tuesday,4,11.488508892276544,4.174703377213208,12.905979229997865,13.0,2.2252936084741552,12.780203712313446,1024.600446346283,46,07:59,17:49
Oran,Tuesday,5,10.87838849242867,6.864803375984917,12.56486883002716,5.0,4.178669603277726,11.107656091261843,1025.170384527419,30,07:59,17:49
Oran,Tuesday,6,13.389415585630951,7.4897640050291505,15.138391986133866,15.0,2.0399860359393127,9.539815677133609,1020.8693111010634,38,07:59,17:49
Oran,Tuesday,7,12.956257036961368,6.955105814601031,14.651767618421472,6.0,2.0925458427634087,9.421995233386639,1024.9459939426351,41,07:59,17:49
Oran,Tuesday,8,11.893289097807038,4.625924377091024,13.35588153551614,16.0,2.694604551607205,10.967038579939718,1024.7372406275033,43,07:59,17:49
Oran,Tuesday,9,13.633757583359923,7.38711811681662,15.372469395041586,4.0,4.496276169034106,12.457157006439017,1019.8805069978436,20,07:59,17:49
Oran,Tuesday,10,12.011763925694465,6.596299229214477,13.671393848615914,7.0,2.1043200101837822,11.884431033653996,1023.0702319645287,32,07:59,17:49
Oran,Tuesday,11,22.176460604918397,4.583027875029101,23.634763392421306,11.0,4.608457878332364,13.73715189346528,1020.061187084736,22,07:59,17:49
Oran,Tuesday,12,22.415835507949314,3.0327697480483233,23.719112482754145,6.0,4.130818483641102,9.629501198542652,1016.1230014039197,22,07:59,17:49
Oran,Tuesday,13,23.74805971466949,5.4242375239018354,25.290483467059676,7.0,4.017907202557044,14.64834677159861,1023.2160486071022,32,07:59,17:49
Oran,Tuesday,14,22.78826299742151,3.6621116286880175,24.15447416029031,17.0,2.1697150617516874,13.210620711882527,1016.7268338267656,33,07:59,17:49
Oran,Tuesday,15,24.921657663556477,3.750546318177298,26.296712295374206,15.0,2.4060553426922153,8.826703120989093,1023.1899440025671,22,07:59,17:49
Oran,Tuesday,16,21.225894505318234,3.893082080200191,22.615202713338252,17.0,2.21023932775157,12.02136216662204,1016.2709907099826,40,07:59,17:49
Oran,Tuesday,17,20.480060439311828,4.230954125025696,21.903155851814397,20.0,2.202710232378372,11.880201836706513,1019.7316499169647,21,07:59,17:49
Oran,Tuesday,18,19.07807038702827,3.6859459319273826,20.44666498022101,21.0,3.957373695518252,8.148889978435935,1020.7384563359977,22,07:59,17:49
Oran,Tuesday,19,16.666548887686815,5.017993424827355,18.16834823016955,12.0,2.934840742112378,10.914366278678925,1020.3700830323869,41,07:59,17:49
Oran,Tuesday,20,17.236005016227203,5.848197885669722,18.820824804794174,11.0,3.035535849881301,11.693609929934363,1016.5143268073443,43,07:59,17:49
Oran,Tuesday,21,17.190142315339,4.537870784276803,18.64392939376668,16.0,2.3932588095327,8.482994826857455,1019.3595621647803,23,07:59,17:49
Oran,Tuesday,22,16.246529878590977,5.625127218572551,17.809042600448233,13.0,4.450140023916828,11.467216501944144,1023.8026359931238,35,07:59,17:49
Oran,Tuesday,23,17.631643027574125,4.369582638595717,19.068601291433698,11.0,3.2466540135739685,11.468803534270203,1022.0061560286649,21,07:59,17:49
Oran,Wednesday,0,12.176411937544803,3.1249379772882153,13.488905735273624,18.0,2.489283764847345,13.9854276870325,1017.6152821889352,25,07:59,17:49
Oran,Wednesday,1,13.490147394453848,4.287211185798796,14.918868513033727,19.0,4.093247383318942,10.269769800050195,1022.4774162565782,34,07:59,17:49
Oran,Wednesday,2,11.975318426188725,6.568181011231809,13.632136527311905,13.0,4.571021580612783,9.957928770309517,1025.3680777534667,47,07:59,17:49
Oran,Wednesday,3,11.948981407744254,4.2945937470474105,13.378440782448996,17.0,2.217568180812538,12.249749020821032,1017.8224823456937,41,07:59,17:49
Oran,Wednesday,4,11.242721353259034,4.008807265662035,12.643602079825238,7.0,2.011103244806702,12.188872555900806,1017.4198179457535,30,07:59,17:49
Oran,Wednesday,5,11.414825633569462,6.437817346339589,13.058607368203422,12.0,2.5806584165287574,9.258107878066218,1018.3614238253159,38,07:59,17:49
Oran,Wednesday,6,12.954833815771021,4.712544037491623,14.426088219520183,13.0,2.7263214610220827,10.240810799964569,1021.9737927048446,39,07:59,17:49
Oran,Wednesday,7,13.80778005297433,7.553884269622242,15.563168479936554,10.0,3.407538101923652,13.029568758765926,1019.7108895532888,36,07:59,17:49
Oran,Wednesday,8,12.676976467177395,5.199511927468583,14.196927659924253,11.0,4.478826862381104,12.674521630496598,1019.7926119079639,21,07:59,17:49
Oran,Wednesday,9,12.690876756713074,6.547619776216447,14.345638734334718,11.0,4.536205867562927,13.835770185439602,1019.0513385085789,46,07:59,17:49
Oran,Wednesday,10,13.2251597417596,6.331090526792925,14.858268794438892,14.0,4.479411868003734,12.252956291821539,1022.9294141131909,38,07:59,17:49
Oran,Wednesday,11,24.387538148231457,7.100037153726972,26.097541863604153,4.0,3.088957279398743,12.991658459679782,1021.9620073644357,47,07:59,17:49
Oran,Wednesday,12,18.123440640786743,4.667127798783527,19.590153420665096,6.0,3.9729124912480573,11.72236661360323,1018.9645656188205,39,07:59,17:49
Oran,Wednesday,13,24.38081795399051,4.989443050616031,25.87976225905211,8.0,3.9674589380589795,11.349518204141338,1014.8635119694183,31,07:59,17:49
Oran,Wednesday,14,22.283168374590073,2.845037684255809,23.567672143015653,17.0,4.273099372468794,10.6935560275953,1021.65253844459,49,07:59,17:49
Oran,Wednesday,15,20.582530914908602,6.043047899377921,22.186835704846395,13.0,2.205375626881936,9.585673779184281,1015.0203662621702,29,07:59,17:49
Oran,Wednesday,16,25.0,2.5097698948591947,26.25097698948592,20.0,4.357102015850158,10.486702468171309,1022.6707311938443,23,07:59,17:49
Oran,Wednesday,17,18.571251451636662,4.965596769932859,20.06781112862995,18.0,2.0125800220472074,11.62708004472402,1020.8786617697508,45,07:59,17:49
Oran,Wednesday,18,18.11225615750831,5.08353348670611,19.62060950617892,24.0,2.1752743949647977,10.12303850007341,1022.8820611810472,30,07:59,17:49
Oran,Wednesday,19,15.969096529456005,3.7610384411056286,17.345200373566566,11.0,2.385077549143827,11.767021947257511,1016.2138251701914,48,07:59,17:49
Oran,Wednesday,20,15.843392913221995,4.895841318048899,17.332977045026887,15.0,4.578500195277577,8.1002918683168,1019.8840703113605,34,07:59,17:49
Oran,Wednesday,21,16.63842103709948,3.1418258310800535,17.952603620207487,15.0,2.470148576836568,14.035735399994525,1014.850148392796,29,07:59,17:49
Oran,Wednesday,22,16.78254596604789,5.414541111634891,18.32400007721138,17.0,3.7833594741417933,9.941530353157617,1023.6206631089163,37,07:59,17:49
Oran,Wednesday,23,17.264490460524804,5.0277322163859255,18.767263682163396,11.0,2.0231570443968225,8.341106377118749,1021.9090835618484,22,07:59,17:49
Oran,Thursday,0,11.48380434671929,6.97135874712595,13.180940221431886,14.0,2.0676913069088267,10.665356965980873,1015.7276818784803,36,07:59,17:49
Oran,Thursday,1,11.776138096203367,6.455922135269692,13.421730309730336,11.0,4.040246700705886,13.020520078603354,1020.8122017520609,47,07:59,17:49
Oran,Thursday,2,13.070664703446262,6.066843811363547,14.677349084582616,15.0,3.9083940108197215,10.735009849068934,1022.3473277137599,27,07:59,17:49
Oran,Thursday,3,13.31667121264746,4.342643558283386,14.750935568475798,3.0,2.881546129341202,14.390768783288289,1024.357140558097,28,07:59,17:49
Oran,Thursday,4,13.453474157658633,7.534464913002371,15.206920648958869,12.0,2.3218578623637627,14.966837822145388,1021.849718294862,41,07:59,17:49
Oran,Thursday,5,13.803628427093109,7.528097601716438,15.556438187264753,10.0,4.422564512113979,14.074247021363984,1023.9195206627243,27,07:59,17:49
Oran,Thursday,6,13.020187768655866,6.072537924425882,14.627441561098454,10.0,3.8773476594288887,15.570250848468074,1024.361229408946,22,07:59,17:49
Oran,Thursday,7,13.641185742395793,5.38906121572941,15.180091863968734,16.0,4.8714485129475165,10.467965698531922,1022.4501619474396,20,07:59,17:49
Oran,Thursday,8,11.161728007475446,6.045565678744224,12.766284575349868,15.0,3.7681669913267704,13.332678305691076,1020.2510562309216,25,07:59,17:49
Oran,Thursday,9,11.071555512926686,3.7236718682532204,12.443922699752008,9.0,3.6154957329669655,15.116647547373322,1021.3591085180177,23,07:59,17:49
Oran,Thursday,10,13.313430551427142,6.990859352870411,15.012516486714183,4.0,3.927685333335309,13.723089055380656,1016.9940883935561,29,07:59,17:49
Oran,Thursday,11,19.70791160933304,4.672189020092376,21.175130511342275,19.0,3.674966210286562,9.41018157204801,1018.5425578249144,47,07:59,17:49
Oran,Thursday,12,18.505172592190714,3.197981141672343,19.82497070635795,15.0,3.471398019256193,14.148760435259277,1023.2617908181888,43,07:59,17:49
Oran,Thursday,13,22.00879208973308,3.455161645493268,23.354308254282408,8.0,2.3699838586023043,12.161597186438017,1021.6244883169862,44,07:59,17:49
Oran,Thursday,14,23.30277978896164,5.0421188377104595,24.806991672732686,8.0,4.743314757183744,12.411705526054629,1016.4614339831547,44,07:59,17:49
Oran,Thursday,15,22.884577457349202,4.040850101741505,24.288662467523352,21.0,2.188307484243812,13.207182284463928,1017.2981453243466,42,07:59,17:49
Oran,Thursday,16,22.810269139276553,3.542669877210301,24.164536126997582,22.0,2.1936965695104744,11.462462485795957,1022.7678782968893,37,07:59,17:49
Oran,Thursday,17,18.425138652109126,3.4117767046937213,19.766316322578497,20.0,2.6004902643296153,10.344719344193573,1023.1096862318368,22,07:59,17:49
Oran,Thursday,18,20.212921866030182,5.78057635895088,21.79097950192527,13.0,3.501631937822265,10.528472746256341,1020.0887417995212,43,07:59,17:49
Oran,Thursday,19,17.109477879598415,2.5161582218742753,18.361093701785844,12.0,2.0521564393633724,12.385247998448614,1022.3649977181734,44,07:59,17:49
Oran,Thursday,20,15.52079216311207,5.516553680084391,17.07244753112051,17.0,2.0722553352327617,10.324834867191516,1023.9288994448157,37,07:59,17:49
Oran,Thursday,21,15.74956999147022,4.581601102877974,17.207730101758017,13.0,3.071494494939182,13.710695185054583,1022.2026561508854,35,07:59,17:49
Oran,Thursday,22,17.772873377726448,6.219742339252878,19.394847611651734,17.0,2.392715515985519,8.159290864098702,1019.5688985023482,33,07:59,17:49
Oran,Thursday,23,15.879117668822584,3.5832324027282385,17.237440909095408,9.0,4.319110488852509,12.188880356387077,1018.435557900726,29,07:59,17:49
Oran,Friday,0,12.742099930336668,5.2464542289178535,14.266745353228453,12.0,2.988037687172273,8.31492451993323,1020.2831695272196,21,07:59,17:49
Oran,Friday,1,13.119236240826897,4.884520269096664,14.607688267736563,10.0,4.926398330201467,8.841034913423439,1019.7584266966988,45,07:59,17:49
Oran,Friday,2,13.21048616476489,3.934800875186136,14.603966252283502,11.0,4.630268861010459,9.752016381847914,1018.9544709701914,38,07:59,17:49
Oran,Friday,3,13.537910488020948,6.380152969682021,15.17592578498915,14.0,2.738726106898439,14.943010707672576,1018.2526402583549,33,07:59,17:49
Oran,Friday,4,12.419624105302038,7.476411881192944,14.167265293421332,3.0,3.5895577395418172,10.453636786086497,1019.5054986857616,30,07:59,17:49
Oran,Friday,5,13.83006754759325,7.236851196624351,15.553752667255685,2.0,4.878355001598112,12.410573617451265,1021.0556696442287,39,07:59,17:49
Oran,Friday,6,10.88758983315007,5.921311400980155,12.479720973248085,2.0,3.790080387437144,15.22836419836916,1025.663303965262,42,07:59,17:49
Oran,Friday,7,12.118112046627752,6.512851595584864,13.76939720618624,7.0,3.0684044531485997,9.174525759481016,1017.7568894527462,30,07:59,17:49
Oran,Friday,8,12.747982963942048,4.84596804496163,14.232579768438212,8.0,3.7965219463286415,10.192870329120542,1021.4555068349032,34,07:59,17:49
Oran,Friday,9,11.069992962011446,4.551214623207424,12.525114424332187,16.0,3.167896920795968,13.786782108960585,1025.7339134481101,33,07:59,17:49
Oran,Friday,10,11.10338646113432,5.861159058916272,12.689502367025948,12.0,3.109263921037307,12.578271338398352,1019.027917717695,35,07:59,17:49
Oran,Friday,11,20.909714457654164,6.583597914380765,22.56807424909224,14.0,2.934648857578027,15.110301927689864,1015.8959439236168,39,07:59,17:49
Oran,Friday,12,22.05738787748016,3.704619579198003,23.42784983539996,12.0,4.614204689617628,12.666094206193188,1023.4342807807074,38,07:59,17:49
Oran,Friday,13,25.0,4.346335098870578,26.434633509887057,7.0,2.0921389964478325,9.4412867133839,1024.1433271755373,42,07:59,17:49
Oran,Friday,14,21.065050532172805,5.421269274703703,22.607177459643175,9.0,2.87000107135292,12.476730786716388,1015.7859592006293,26,07:59,17:49
Oran,Friday,15,25.0,3.4292306281386167,26.342923062813863,10.0,4.8000487209542655,8.882487819005817,1021.1603283643966,31,07:59,17:49
Oran,Friday,16,24.344225790273192,2.938436653269716,25.638069455600164,15.0,2.634936841922301,11.372690842536503,1021.0918072972449,25,07:59,17:49
Oran,Friday,17,22.49239261455019,4.070282067115573,23.89942082126175,11.0,2.8145238429950243,10.99022255897192,1023.192814174273,25,07:59,17:49
Oran,Friday,18,18.631489554641497,5.755172832796525,20.20700683792115,22.0,2.28528978107863,8.380408257380124,1023.4953054805696,35,07:59,17:49
Oran,Friday,19,16.0309726164059,3.0781482947042385,17.338787445876324,24.0,3.2023594797792474,12.405890761779897,1023.2357080510258,20,07:59,17:49
Oran,Friday,20,16.30589514855386,5.928207346528499,17.89871588320671,17.0,4.065057595768501,10.818758980071973,1017.5605319956129,32,07:59,17:49
Oran,Friday,21,14.941424052562407,5.16340297599281,16.45776435016169,22.0,4.584441456147826,7.724828347943818,1018.5459620230152,49,07:59,17:49
Oran,Friday,22,15.70560105168379,5.978959381019354,17.303496989785724,12.0,3.9377948282820716,7.815454445335865,1016.8384595416976,48,07:59,17:49
Oran,Friday,23,17.299020951040717,6.680955666735346,18.967116517714253,19.0,4.0786904958511325,13.631597774789817,1019.4001687813784,25,07:59,17:49
Oran,Saturday,0,12.967482133675952,3.073071266782687,14.274789260354222,16.0,3.829895008042147,8.78271558284083,1020.1291278169508,23,07:59,17:49
Oran,Saturday,1,12.477724820427607,6.810211329030737,14.15874595333068,21.0,3.088388895317319,11.122508183899683,1024.1869743685231,34,07:59,17:49
Oran,Saturday,2,13.055656525936385,7.1447994440481954,14.770136470341205,43.0,2.08977327333189,9.313345600847764,1024.667112642247,49,07:59,17:49
Oran,Saturday,3,12.577474694929137,4.2212985949583945,13.999604554424977,35.0,2.2474504385047664,10.914780792460453,1016.7644006021383,39,07:59,17:49
Oran,Saturday,4,11.253205037210478,4.854757168121573,12.738680754022635,47.0,4.0486683975060815,13.952838914882678,1021.9646616782688,31,07:59,17:49
Oran,Saturday,5,12.794244679978947,7.171742347648637,14.51141891474381,42.0,2.9764365742122907,13.938205383560053,1020.95681755897,44,07:59,17:49
Oran,Saturday,6,13.816116748004802,6.867527699405521,15.502869517945355,28.0,4.756158324788659,11.729606559302937,1023.9775425457334,41,07:59,17:49
Oran,Saturday,7,12.173724460129739,4.759632808013192,13.649687740931057,27.0,2.844857942221223,12.24153934434518,1019.2439806998648,34,07:59,17:49
Oran,Saturday,8,11.660484689413135,4.414753826582352,13.10196007207137,34.0,2.7622810726619003,14.020833601373946,1022.5470246236781,43,07:59,17:49
Oran,Saturday,9,12.357597677443822,6.472025550287604,14.004800232472583,30.0,3.100052069009715,14.14479437542685,1025.669057471972,20,07:59,17:49
Oran,Saturday,10,13.309464088849811,5.135249647797623,14.822989053629573,39.0,2.803157144903098,12.3086194969411,1018.4467310850993,47,07:59,17:49
Oran,Saturday,11,23.89213433225344,5.7233183553080424,25.464466167784245,38.0,4.50036074998631,11.75129539959074,1024.6433880113052,24,07:59,17:49
Oran,Saturday,12,23.699063801256298,5.1809244650562745,25.217156247761924,22.0,4.3664934749566875,13.967919396211734,1015.5798076764105,41,07:59,17:49
Oran,Saturday,13,19.102199105435325,3.5544075476346904,20.457639860198793,37.0,4.1649757950787505,11.868094013781471,1017.3172639902671,48,07:59,17:49
Oran,Saturday,14,22.361527494040434,2.989571084613616,23.660484602501796,22.0,4.701857014736379,9.879292885429676,1018.5504865665297,36,07:59,17:49
Oran,Saturday,15,18.223704274952485,5.148041525911724,19.738508427543657,28.0,4.579721709817219,8.024472555252132,1019.6196817741076,48,07:59,17:49
Oran,Saturday,16,24.204163569826594,5.120682019351388,25.716231771761734,15.0,3.1462470975161487,7.540416544936993,1022.3391537982998,24,07:59,17:49
Oran,Saturday,17,20.632537509123782,3.8625270611525067,22.018790215239033,27.0,2.1419604064060915,13.049492613874648,1015.381294420072,39,07:59,17:49
Oran,Saturday,18,18.654095511063456,4.1749011982512325,20.07158563088858,23.0,3.6019778528714914,7.354836484488455,1020.6986954761097,36,07:59,17:49
Oran,Saturday,19,17.20286768179622,5.346295593414947,18.737497241137717,18.0,4.695281477883309,13.450169697610304,1022.8896484495006,43,07:59,17:49
Oran,Saturday,20,17.55727067780144,4.573173086100005,19.014587986411442,16.0,4.643777965646937,9.282761110381331,1017.578236411574,30,07:59,17:49
Oran,Saturday,21,16.097409068518047,3.730368330187636,17.47044590153681,12.0,4.005954314560186,13.269949669684413,1017.1356959548589,44,07:59,17:49
Oran,Saturday,22,17.67174672697266,6.019307128617536,19.273677439834415,14.0,2.3306104477621625,14.224052705154321,1022.4409736835914,46,07:59,17:49
Oran,Saturday,23,16.707027751287548,3.949835513465696,18.102011302634118,32.0,3.3906898956234617,9.308608373167178,1017.1032988153135,34,07:59,17:49
Oran,Sunday,0,10.861193783396969,5.359382701202794,12.397132053517248,15.0,3.75235894534217,11.361860650100947,1021.2132563885747,33,07:59,17:49
Oran,Sunday,1,11.156541245669958,4.613901777587839,12.617931423428741,18.0,2.5718635212832033,10.88116849198791,1024.5900445321406,45,07:59,17:49
Oran,Sunday,2,13.123122080121377,3.554028949941466,14.478524975115523,39.0,3.3159902821702314,8.937419169097591,1025.370652195422,20,07:59,17:49
Oran,Sunday,3,11.327317591789651,7.553127817065137,13.082630373496166,28.0,4.656705545697303,13.099450555044154,1016.6677032281665,32,07:59,17:49
Oran,Sunday,4,11.144677644106164,4.630496195800809,12.607727263686245,40.0,4.956600358666536,11.397522714998777,1017.3096175069409,36,07:59,17:49
Oran,Sunday,5,12.554012415666119,6.051943576737169,14.159206773339836,41.0,2.1270174400911865,10.898266283146784,1023.5924084621063,27,07:59,17:49
Oran,Sunday,6,13.16535000304698,5.659901533343005,14.73134015638128,41.0,2.9661890662026216,15.577350029887409,1019.7866966605499,29,07:59,17:49
Oran,Sunday,7,11.249322327947201,4.669630773148345,12.716285405262036,41.0,3.3483098810123475,12.066425218356724,1018.943330616733,36,07:59,17:49
Oran,Sunday,8,12.043644156225785,5.974185993260649,13.64106275555185,41.0,3.607336935133159,13.724890725554362,1023.5704540215881,44,07:59,17:49
Oran,Sunday,9,11.044939655309678,4.697541568443152,12.514693812153993,28.0,4.6961252178527655,13.344836777788592,1017.2709402568718,26,07:59,17:49
Oran,Sunday,10,12.120030242632764,3.637717661279308,13.483802008760694,33.0,3.502437182248255,11.791550969574486,1025.4113261068305,34,07:59,17:49
Oran,Sunday,11,25.0,4.852044337151104,26.48520443371511,20.0,3.739506432194613,9.178714092040517,1024.4050199105554,21,07:59,17:49
Oran,Sunday,12,21.936437458829943,4.5989675494923645,23.39633421377918,38.0,4.850361394625464,10.340379030582236,1017.466457994148,49,07:59,17:49
Oran,Sunday,13,18.4854123568014,5.371243909431276,20.022536747744528,28.0,2.0282347601678783,14.348035032330237,1024.1814755338705,36,07:59,17:49
Oran,Sunday,14,25.0,2.887293190118862,26.288729319011885,12.0,2.292288834180957,12.866695818755954,1022.8335773844843,26,07:59,17:49
Oran,Sunday,15,21.8439538417849,5.003328049812451,23.344286646766143,32.0,4.233255907491477,7.428232328393612,1022.5583774546727,27,07:59,17:49
Oran,Sunday,16,20.79983667664605,2.765061449746407,22.07634282162069,16.0,2.012832435306864,9.841514132132481,1018.0624395723064,34,07:59,17:49
Oran,Sunday,17,24.528167319857964,2.9196270542901717,25.820130025286982,13.0,2.7502733079369097,13.621176218506458,1016.0145599063607,27,07:59,17:49
Oran,Sunday,18,20.689819376673945,3.3142942877781056,22.021248805451755,15.0,2.909345447647416,10.077216525408092,1017.7268808648931,35,07:59,17:49
Oran,Sunday,19,15.33589304267564,5.407103168240609,16.8766033594997,9.0,2.177723486197352,13.080465454946848,1014.263490275963,44,07:59,17:49
Oran,Sunday,20,15.796265481464491,5.463323529011795,17.34259783436567,7.0,2.547549909050175,7.963804842743772,1022.4998778687221,38,07:59,17:49
Oran,Sunday,21,15.23949829947183,5.946624963320932,16.834160795803925,19.0,4.205170832684342,9.291778264024785,1020.6125455097822,49,07:59,17:49
Oran,Sunday,22,15.410090832066636,6.17553979784933,17.02764481185157,15.0,2.1602587403693194,13.668710984039599,1022.9212346320294,29,07:59,17:49
Oran,Sunday,23,15.758081885931094,3.055693955389582,17.06365128147005,33.0,3.1240542627975705,13.384071553239586,1019.6115562517796,42,07:59,17:49